"date","emb_price","credit_spread","oil_price","vix"
"2016-04-08",110.05,4.3,80.24,15.36
"2016-04-11",110.54,4.26,82.24,16.26
"2016-04-12",110.69,4.15,85.12,14.85
"2016-04-13",111.15,4.05,84.08,13.84
"2016-04-14",111.29,3.99,83.84,13.72
"2016-04-15",111.35,4.01,82,13.62
"2016-04-18",111.41,4,81.36,13.35
"2016-04-19",111.84,3.87,83.52,13.24
"2016-04-20",111.93,3.74,86.08,13.28
"2016-04-21",111.53,3.74,85.76,13.95
"2016-04-22",111.36,3.73,86.08,13.22
"2016-04-25",110.91,3.75,84.4,14.08
"2016-04-26",111.01,3.7,86.48,13.96
"2016-04-27",111.51,3.72,89.12,13.77
"2016-04-28",111.74,3.68,89.76,15.22
"2016-04-29",111.63,3.74,90.4,15.7
"2016-05-02",111.2,3.76,88.4,14.68
"2016-05-03",110.95,3.9,85.92,15.6
"2016-05-04",110.69,3.96,86.32,16.05
"2016-05-05",110.94,4.02,87.2,15.91
"2016-05-06",111.09,4.06,87.68,14.72
"2016-05-09",110.81,4.1,85.44,14.57
"2016-05-10",111.3,4.03,87.92,13.63
"2016-05-11",111.56,3.99,90.72,14.69
"2016-05-12",111.78,3.94,91.6,14.41
"2016-05-13",111.85,4,90.96,15.04
"2016-05-16",111.91,3.91,94.08,14.68
"2016-05-17",111.83,3.87,95.36,15.57
"2016-05-18",110.75,3.78,93.6,15.95
"2016-05-19",110.37,3.92,94.32,16.33
"2016-05-20",110.48,3.84,94,15.2
"2016-05-23",110.49,3.84,93.28,15.82
"2016-05-24",110.75,3.77,94.56,14.42
"2016-05-25",111.06,3.71,96.24,13.9
"2016-05-26",111.1,3.75,95.6,13.43
"2016-05-27",111.04,3.74,95.84,13.12
"2016-05-31",110.98,3.71,94.96,14.19
"2016-06-01",110.92,3.75,95.44,14.2
"2016-06-02",111.12,3.76,94.88,13.63
"2016-06-03",112,3.84,94.56,13.47
"2016-06-06",112.21,3.75,96.32,13.65
"2016-06-07",112.39,3.69,97.76,14.05
"2016-06-08",112.98,3.63,99.44,14.08
"2016-06-09",112.84,3.67,98,14.64
"2016-06-10",112.41,3.79,94.96,17.03
"2016-06-13",112,3.86,94.08,20.97
"2016-06-14",111.49,3.99,93.84,20.5
"2016-06-15",111.93,3.97,91.76,20.14
"2016-06-16",111.95,4.08,89.12,19.37
"2016-06-17",111.84,3.97,93.28,19.41
"2016-06-20",112.6,3.8,95.28,18.37
"2016-06-21",112.51,3.8,95.12,18.48
"2016-06-22",113,3.77,93.92,21.17
"2016-06-23",113.27,3.65,95.84,17.25
"2016-06-24",112.31,4.08,91.2,25.76
"2016-06-27",112.65,4.29,89.52,23.85
"2016-06-28",113.48,4.2,91.76,18.75
"2016-06-29",114.62,4.02,94.32,16.64
"2016-06-30",115.15,4,92.56,15.63
"2016-07-01",115.06,3.92,94.24,14.77
"2016-07-05",115.32,3.97,89.44,15.58
"2016-07-06",115.48,3.94,90.64,14.96
"2016-07-07",115.44,3.83,86.56,14.76
"2016-07-08",116.36,3.71,86.64,13.2
"2016-07-11",116.69,3.53,85.2,13.54
"2016-07-12",116.29,3.38,89.52,13.55
"2016-07-13",116.35,3.49,86,13.04
"2016-07-14",116.4,3.37,86.96,12.82
"2016-07-15",116.37,3.34,87.92,12.67
"2016-07-18",116.21,3.35,86.56,12.44
"2016-07-19",116.24,3.37,85.6,11.97
"2016-07-20",116.19,3.31,85.84,11.77
"2016-07-21",116.19,3.33,83.92,12.74
"2016-07-22",116.2,3.32,83.36,12.02
"2016-07-25",115.91,3.32,81.04,12.87
"2016-07-26",115.58,3.37,80.64,13.05
"2016-07-27",116.1,3.41,79.2,12.83
"2016-07-28",115.82,3.45,77.36,12.72
"2016-07-29",116.19,3.53,78.08,11.87
"2016-08-01",115.25,3.61,75.28,12.44
"2016-08-02",114.98,3.63,74.64,13.37
"2016-08-03",115.14,3.62,77.52,12.86
"2016-08-04",115.91,3.57,78.72,12.42
"2016-08-05",115.61,3.41,78.88,11.39
"2016-08-08",116.3,3.38,80.8,11.5
"2016-08-09",116.84,3.35,80.56,11.66
"2016-08-10",117.18,3.38,78.16,12.05
"2016-08-11",117,3.3,81.68,11.68
"2016-08-12",117.5,3.34,84,11.55
"2016-08-15",117.64,3.25,86.08,11.81
"2016-08-16",117.33,3.2,87.36,12.64
"2016-08-17",117.69,3.23,87.92,12.19
"2016-08-18",117.97,3.24,90.4,11.43
"2016-08-19",117.42,3.19,90.72,11.34
"2016-08-22",117.57,3.23,87.76,12.27
"2016-08-23",117.67,3.19,88.7265,12.38
"2016-08-24",117.27,3.19,86.56,13.45
"2016-08-25",117.26,3.2,87.6,13.63
"2016-08-26",117.11,3.1,87.6,13.65
"2016-08-29",117.69,3.16,86.8,12.94
"2016-08-30",117.65,3.14,85.84,13.12
"2016-08-31",117.22,3.2,82.88,13.42
"2016-09-01",116.58,3.22,80.48,13.48
"2016-09-02",116.92,3.2,81.92,11.98
"2016-09-06",117.64,3.22,83.12,12.02
"2016-09-07",117.97,3.19,84.16,11.94
"2016-09-08",117.43,3.14,87.68,12.51
"2016-09-09",116.28,3.23,84.72,17.5
"2016-09-12",116.26,3.3,85.12,15.16
"2016-09-13",114.98,3.32,82.96,17.85
"2016-09-14",115.2,3.35,80.72,18.14
"2016-09-15",115.68,3.36,81.12,16.3
"2016-09-16",115.35,3.36,80,15.37
"2016-09-19",115.76,3.35,79.84,15.53
"2016-09-20",115.89,3.34,80.56,15.92
"2016-09-21",117.15,3.32,83.2,13.3
"2016-09-22",117.61,3.22,84.24,12.02
"2016-09-23",117.24,3.24,81.52,12.29
"2016-09-26",116.88,3.29,83.44,14.5
"2016-09-27",117.21,3.31,81.2,13.1
"2016-09-28",117.33,3.29,85.2,12.39
"2016-09-29",116.86,3.26,86.96,14.02
"2016-09-30",117.21,3.23,87.44,13.29
"2016-10-03",116.94,3.19,88.8,13.57
"2016-10-04",116.43,3.13,88.72,13.63
"2016-10-05",116.46,3.08,90.8,12.99
"2016-10-06",116.28,3.05,92.08,12.84
"2016-10-07",116.35,3.06,90.64,13.48
"2016-10-10",116.78,3.06,93.36,13.38
"2016-10-11",115.85,3.06,92.64,15.36
"2016-10-12",115.85,3.06,91.44,15.91
"2016-10-13",116.12,3.12,91.92,16.69
"2016-10-14",115.54,3.04,91.52,16.12
"2016-10-17",115.57,3.08,90.96,16.21
"2016-10-18",115.75,3.04,91.6,15.28
"2016-10-19",115.9,3,93.28,14.41
"2016-10-20",116,2.97,91.44,13.75
"2016-10-21",116.48,2.98,91.84,13.34
"2016-10-24",116.47,2.96,91.44,13.02
"2016-10-25",116.52,2.96,89.92,13.46
"2016-10-26",115.84,2.99,88.72,14.24
"2016-10-27",114.85,2.99,89.68,15.36
"2016-10-28",114.57,3.05,88.08,16.19
"2016-10-31",114.69,3.18,84.24,17.06
"2016-11-01",114.12,3.3,84.56,18.56
"2016-11-02",114,3.39,82.24,19.32
"2016-11-03",114.3,3.38,80.64,22.08
"2016-11-04",114.02,3.42,79.84,22.51
"2016-11-07",114.94,3.25,81.28,18.71
"2016-11-08",115.24,3.2,80.8,18.74
"2016-11-09",113.53,3.17,82.24,14.38
"2016-11-10",109.34,3.22,80.32,14.74
"2016-11-11",108.71,3.22,78.16,14.17
"2016-11-14",108.16,3.36,78.96,14.48
"2016-11-15",110.02,3.23,82.72,13.37
"2016-11-16",109.95,3.23,81.84,13.72
"2016-11-17",109.72,3.15,81.04,13.35
"2016-11-18",109.1,3.14,82.56,12.85
"2016-11-21",109.58,3.09,86.16,12.42
"2016-11-22",110.06,3.02,85.04,12.41
"2016-11-23",109.24,2.98,85.36,12.43
"2016-11-25",109.31,2.97,82.64,12.34
"2016-11-28",109.69,2.99,83.52,13.15
"2016-11-29",109.58,3.02,80.48,12.9
"2016-11-30",109.31,2.98,87.44,13.33
"2016-12-01",108.26,2.94,90.64,14.07
"2016-12-02",108.33,2.97,91.84,14.12
"2016-12-05",108.79,2.92,90.8,12.14
"2016-12-06",109.32,2.88,90.32,11.79
"2016-12-07",109.96,2.82,88.72,12.22
"2016-12-08",109.89,2.77,90.48,12.64
"2016-12-09",109.43,2.68,91.52,11.75
"2016-12-12",109.71,2.66,92.96,12.64
"2016-12-13",110.05,2.62,93.84,12.72
"2016-12-14",109.09,2.56,90.56,13.19
"2016-12-15",108.89,2.64,90.88,12.79
"2016-12-16",109.11,2.64,92.4,12.2
"2016-12-19",109.6,2.66,92,11.71
"2016-12-20",109.79,2.64,92.96,11.45
"2016-12-21",110.15,2.64,91.52,11.27
"2016-12-22",109.92,2.62,91.68,11.43
"2016-12-23",110.09,2.6,92.48,11.44
"2016-12-27",109.99,2.56,93.84,11.99
"2016-12-28",110.14,2.6,94,12.95
"2016-12-29",110.4,2.63,93.76,13.37
"2016-12-30",110.22,2.67,93.76,14.04
"2017-01-03",110.6,2.63,91.52,12.85
"2017-01-04",111.29,2.55,92.64,11.85
"2017-01-05",112.15,2.59,93.6,11.67
"2017-01-06",112.09,2.54,93.44,11.32
"2017-01-09",111.96,2.57,90.48,11.56
"2017-01-10",111.78,2.54,88.56,11.49
"2017-01-11",111.89,2.58,90.96,11.26
"2017-01-12",112.11,2.59,92.32,11.54
"2017-01-13",112.16,2.58,91.28,11.23
"2017-01-17",112.62,2.62,91.44,11.87
"2017-01-18",111.83,2.59,89.28,12.48
"2017-01-19",111.56,2.56,89.36,12.78
"2017-01-20",111.7,2.6,91.12,11.54
"2017-01-23",112.23,2.67,90.56,11.77
"2017-01-24",111.86,2.59,90.96,11.07
"2017-01-25",111.73,2.5,90.48,10.81
"2017-01-26",111.64,2.52,92.24,10.63
"2017-01-27",111.97,2.53,91.2,10.58
"2017-01-30",111.72,2.55,90.24,11.88
"2017-01-31",112.13,2.64,90.56,11.99
"2017-02-01",111.71,2.6,91.84,11.81
"2017-02-02",112.04,2.57,92.08,11.93
"2017-02-03",112.69,2.51,92.32,10.97
"2017-02-06",112.69,2.56,91.04,11.37
"2017-02-07",112.55,2.59,89.52,11.29
"2017-02-08",112.99,2.63,89.84,11.45
"2017-02-09",112.84,2.57,90.8,10.88
"2017-02-10",113.01,2.54,92,10.85
"2017-02-13",113.13,2.52,90.56,11.07
"2017-02-14",113.01,2.47,91.04,10.74
"2017-02-15",112.98,2.45,90.88,11.97
"2017-02-16",112.92,2.53,91.28,11.76
"2017-02-17",112.95,2.55,91.12,11.49
"2017-02-21",113.12,2.52,92.32,11.57
"2017-02-22",113.28,2.5,90.88,11.74
"2017-02-23",113.61,2.5,92.24,11.71
"2017-02-24",113.83,2.57,91.68,11.47
"2017-02-27",113.56,2.51,91.76,12.09
"2017-02-28",113.56,2.5,91.6,12.92
"2017-03-01",113.16,2.36,91.2,12.54
"2017-03-02",112.63,2.33,89.36,11.81
"2017-03-03",113.15,2.38,90.32,10.96
"2017-03-06",113.11,2.43,90.24,11.24
"2017-03-07",113.03,2.49,90.16,11.45
"2017-03-08",112.15,2.55,85.36,11.86
"2017-03-09",111.45,2.62,84.24,12.3
"2017-03-10",111.92,2.64,82.32,11.66
"2017-03-13",111.74,2.68,82.24,11.35
"2017-03-14",111.4,2.77,81.52,12.3
"2017-03-15",112.92,2.75,83.04,11.63
"2017-03-16",112.58,2.62,82.88,11.21
"2017-03-17",113.04,2.64,82.64,11.28
"2017-03-20",113.25,2.68,82.204,11.34
"2017-03-21",113.29,2.75,80.88,12.47
"2017-03-22",113.4,2.85,80.96,12.81
"2017-03-23",113.57,2.8,80.08,13.12
"2017-03-24",113.74,2.77,80.72,12.96
"2017-03-27",113.73,2.82,80.32,12.5
"2017-03-28",113.69,2.71,81.2,11.53
"2017-03-29",114.06,2.66,82.96,11.42
"2017-03-30",113.86,2.58,84.56,11.54
"2017-03-31",113.7,2.53,85.12,12.37
"2017-04-03",113.57,2.58,84.4,12.38
"2017-04-04",113.36,2.57,85.68,11.79
"2017-04-05",113.78,2.52,85.44,12.89
"2017-04-06",113.72,2.54,86.88,12.39
"2017-04-07",113.65,2.47,87.68,12.87
"2017-04-10",113.64,2.47,89.12,14.05
"2017-04-11",113.83,2.54,89.36,15.07
"2017-04-12",114.16,2.55,88.88,15.77
"2017-04-13",114.11,2.62,89.04,15.96
"2017-04-17",114.29,2.6,88.48,14.66
"2017-04-18",114.5,2.66,88.32,14.42
"2017-04-19",114.17,2.61,84.96,14.93
"2017-04-20",114.25,2.56,84.32,14.15
"2017-04-21",114.54,2.55,82.56,14.63
"2017-04-24",114.89,2.46,82,10.84
"2017-04-25",114.6,2.39,82.88,10.76
"2017-04-26",114.58,2.36,82.08,10.85
"2017-04-27",114.84,2.38,81.92,10.36
"2017-04-28",115.2,2.36,81.92,10.82
"2017-05-01",114.6,2.35,81.2,10.11
"2017-05-02",115.01,2.37,79.36,10.59
"2017-05-03",114.87,2.34,79.44,10.68
"2017-05-04",114.35,2.37,75.68,10.46
"2017-05-05",114.47,2.39,77.28,10.57
"2017-05-08",114.16,2.37,77.36,9.77
"2017-05-09",114.05,2.32,76.56,9.96
"2017-05-10",114.38,2.31,78.88,10.21
"2017-05-11",114.57,2.32,79.52,10.6
"2017-05-12",114.97,2.37,79.6,10.4
"2017-05-15",115.06,2.33,81.36,10.42
"2017-05-16",115.08,2.32,80.88,10.65
"2017-05-17",115.07,2.43,81.52,15.59
"2017-05-18",114.48,2.43,82.08,14.66
"2017-05-19",114.92,2.37,83.84,12.04
"2017-05-22",114.87,2.34,84.32,10.93
"2017-05-23",114.94,2.29,85.12,10.72
"2017-05-24",115.38,2.3,84.8,10.02
"2017-05-25",115.29,2.31,80.32,9.99
"2017-05-26",115.49,2.31,82.24,9.81
"2017-05-30",115.55,2.31,81.92,10.38
"2017-05-31",115.63,2.36,79.68,10.41
"2017-06-01",115.38,2.31,79.28,9.89
"2017-06-02",116.01,2.31,78.88,9.75
"2017-06-05",115.81,2.29,78.4,10.07
"2017-06-06",116.05,2.32,79.76,10.45
"2017-06-07",115.95,2.31,75.68,10.39
"2017-06-08",115.78,2.32,75.44,10.16
"2017-06-09",115.53,2.3,75.92,10.7
"2017-06-12",115.52,2.27,76.16,11.46
"2017-06-13",115.7,2.24,76.8,10.42
"2017-06-14",115.95,2.28,73.84,10.64
"2017-06-15",115.58,2.27,73.44,10.9
"2017-06-16",115.57,2.3,73.92,10.38
"2017-06-19",115.45,2.26,72.96,10.37
"2017-06-20",114.91,2.31,71.6,10.86
"2017-06-21",114.67,2.35,69.68,10.75
"2017-06-22",114.92,2.38,70.24,10.48
"2017-06-23",115.3,2.37,70.88,10.02
"2017-06-26",115.51,2.34,71.44,9.9
"2017-06-27",114.91,2.3,72.8,11.06
"2017-06-28",115.04,2.3,73.6,10.03
"2017-06-29",114.5,2.3,73.68,11.44
"2017-06-30",114.36,2.31,76,11.18
"2017-07-03",113.55,2.26,76.96,11.22
"2017-07-05",113.45,2.28,74,11.07
"2017-07-06",112.83,2.31,74.48,12.54
"2017-07-07",112.9,2.35,72.8,11.19
"2017-07-10",113.4,2.36,73.04,11.11
"2017-07-11",113.51,2.37,74.16,10.89
"2017-07-12",114.18,2.34,74.64,10.3
"2017-07-13",114.19,2.31,75.76,9.9
"2017-07-14",114.48,2.3,76.72,9.51
"2017-07-17",114.52,2.26,75.6,9.82
"2017-07-18",114.85,2.27,76.32,9.89
"2017-07-19",114.98,2.24,77.52,9.79
"2017-07-20",115.02,2.22,76.88,9.58
"2017-07-21",115.29,2.25,74.72,9.36
"2017-07-24",115.06,2.23,76,9.43
"2017-07-25",114.72,2.16,78.48,9.43
"2017-07-26",115.34,2.19,79.68,9.6
"2017-07-27",115.17,2.18,80.48,10.11
"2017-07-28",115.17,2.19,81.36,10.29
"2017-07-31",115.26,2.2,82.24,10.26
"2017-08-01",114.94,2.19,80.72,10.09
"2017-08-02",115.1,2.19,81.12,10.28
"2017-08-03",115.5,2.22,80.16,10.44
"2017-08-04",115.23,2.21,81.04,10.03
"2017-08-07",115.44,2.22,80.8,9.93
"2017-08-08",115.2,2.22,80.48,10.96
"2017-08-09",115.24,2.37,81.2,11.11
"2017-08-10",114.76,2.47,79.28,16.04
"2017-08-11",114.97,2.52,79.92,15.51
"2017-08-14",115.23,2.44,77.76,12.33
"2017-08-15",115.26,2.41,78,12.04
"2017-08-16",115.36,2.43,76.56,11.74
"2017-08-17",115.26,2.46,76.96,15.55
"2017-08-18",115.55,2.49,79.76,14.26
"2017-08-21",115.66,2.5,77.68,13.19
"2017-08-22",115.7,2.44,78.16,11.35
"2017-08-23",115.95,2.45,79.04,12.25
"2017-08-24",116.07,2.41,77.68,12.23
"2017-08-25",116.38,2.4,78,11.28
"2017-08-28",116.2,2.39,76.24,11.32
"2017-08-29",116.27,2.38,75.68,11.7
"2017-08-30",116.65,2.35,75.04,11.22
"2017-08-31",117.09,2.36,77.04,10.59
"2017-09-01",116.53,2.32,77.36,10.13
"2017-09-05",116.92,2.41,79.36,12.23
"2017-09-06",116.7,2.33,80.32,11.63
"2017-09-07",117.15,2.38,80.24,11.55
"2017-09-08",117.26,2.4,77.84,12.12
"2017-09-11",117.06,2.33,78.56,10.73
"2017-09-12",116.82,2.3,78.96,10.58
"2017-09-13",116.82,2.28,80.56,10.5
"2017-09-14",116.9,2.26,81.04,10.44
"2017-09-15",117.06,2.26,81.6,10.17
"2017-09-18",116.83,2.18,81.36,10.15
"2017-09-19",116.66,2.18,80.88,10.18
"2017-09-20",115.91,2.13,81.92,9.78
"2017-09-21",116.24,2.14,82,9.67
"2017-09-22",116.44,2.16,81.92,9.59
"2017-09-25",116.33,2.18,84.4,10.21
"2017-09-26",116.29,2.14,83.92,10.17
"2017-09-27",115.8,2.11,84.16,9.87
"2017-09-28",116.04,2.1,83.44,9.55
"2017-09-29",116.42,2.06,83.44,9.51
"2017-10-02",115.86,2.1,81.68,9.45
"2017-10-03",115.83,2.1,81.44,9.51
"2017-10-04",115.92,2.09,80.64,9.63
"2017-10-05",115.98,2.08,82,9.19
"2017-10-06",115.69,2.07,79.76,9.65
"2017-10-09",115.53,2.07,80,10.33
"2017-10-10",115.74,2.08,82.24,10.08
"2017-10-11",115.87,2.08,82.88,9.85
"2017-10-12",116.09,2.12,81.84,9.91
"2017-10-13",116.42,2.17,82.96,9.61
"2017-10-16",116.21,2.12,83.68,9.91
"2017-10-17",116.27,2.1,83.92,10.31
"2017-10-18",116.29,2.05,83.84,10.07
"2017-10-19",116.42,2.07,82.8,10.05
"2017-10-20",116.04,2.01,83.44,9.97
"2017-10-23",115.94,2,83.36,11.07
"2017-10-24",115.79,1.98,84.32,11.16
"2017-10-25",115.59,2.01,83.84,11.23
"2017-10-26",115.25,2,84.56,11.3
"2017-10-27",115.8,2.04,86.72,9.8
"2017-10-30",116.14,2.07,86.96,10.5
"2017-10-31",116.25,2.07,87.44,10.18
"2017-11-01",115.83,2.04,87.2,10.2
"2017-11-02",116.15,2.07,87.92,9.93
"2017-11-03",115.42,2.07,89.44,9.14
"2017-11-06",115.26,2.1,92.08,9.4
"2017-11-07",114.65,2.12,91.92,9.89
"2017-11-08",114.6,2.19,91.28,9.78
"2017-11-09",114.36,2.29,91.68,10.5
"2017-11-10",114.45,2.26,91.36,11.29
"2017-11-13",114.58,2.25,91.04,11.5
"2017-11-14",114.49,2.32,89.04,11.59
"2017-11-15",114.57,2.43,88.72,13.13
"2017-11-16",115.03,2.27,88.56,11.76
"2017-11-17",115.24,2.25,90.8,11.43
"2017-11-20",115.21,2.19,90.24,10.65
"2017-11-21",115.37,2.15,91.2,9.73
"2017-11-22",115.86,2.19,92.8,9.88
"2017-11-24",115.82,2.17,94.32,9.67
"2017-11-27",115.87,2.16,92.72,9.87
"2017-11-28",116.03,2.16,92.64,10.03
"2017-11-29",115.61,2.14,91.76,10.7
"2017-11-30",115.49,2.08,91.76,11.28
"2017-12-01",115.42,2.12,93.36,11.43
"2017-12-04",115.49,2.08,91.92,11.68
"2017-12-05",115.65,2.08,92.32,11.33
"2017-12-06",115.75,2.14,89.6,11.02
"2017-12-07",115.51,2.12,90.64,10.16
"2017-12-08",115.53,2.13,91.92,9.58
"2017-12-11",115.47,2.11,92.8,9.34
"2017-12-12",115.51,2.09,91.52,9.92
"2017-12-13",115.84,2.16,90.64,10.18
"2017-12-14",115.9,2.16,91.44,10.49
"2017-12-15",116.05,2.15,91.68,9.42
"2017-12-18",116.17,2.15,91.52,9.53
"2017-12-19",115.92,2.11,92.08,10.03
"2017-12-20",115.74,2.09,92.88,9.72
"2017-12-21",115.36,2.1,93.12,9.62
"2017-12-22",115.74,2.09,93.28,9.9
"2017-12-26",115.8,2.1,95.6,10.25
"2017-12-27",115.91,2.12,95.36,10.47
"2017-12-28",115.95,2.1,95.76,10.18
"2017-12-29",116.1,2.12,96.08,11.04
"2018-01-02",116.4,2.12,96.56,9.77
"2018-01-03",116.35,2.08,98.72,9.15
"2018-01-04",116.65,2.02,98.96,9.22
"2018-01-05",116.72,1.99,98.48,9.22
"2018-01-08",116.51,1.99,99.04,9.52
"2018-01-09",116.15,1.96,100.56,10.08
"2018-01-10",115.81,2.03,101.44,9.82
"2018-01-11",115.96,2.03,101.6,9.88
"2018-01-12",116.13,2,102.96,10.16
"2018-01-16",116.14,1.98,102.08,11.66
"2018-01-17",116.17,1.98,102.24,11.91
"2018-01-18",115.9,1.99,102.08,12.22
"2018-01-19",115.57,2,101.76,11.27
"2018-01-22",115.59,1.96,102.24,11.03
"2018-01-23",115.81,1.97,103.76,11.1
"2018-01-24",115.64,1.94,105.76,11.47
"2018-01-25",115.8,1.95,104.48,11.58
"2018-01-26",116.02,1.92,105.92,11.08
"2018-01-29",115.39,1.94,104.88,13.84
"2018-01-30",115.19,1.99,103.2,14.79
"2018-01-31",115.36,1.96,103.84,13.54
"2018-02-01",115,1.95,105.92,13.47
"2018-02-02",114.11,2,104.32,17.31
"2018-02-05",113.46,2.1,102.16,37.32
"2018-02-06",113.67,2.21,101.6,29.98
"2018-02-07",113.47,2.09,98.96,27.73
"2018-02-08",112.19,2.2,96.72,33.46
"2018-02-09",111.86,2.4,94.88,29.06
"2018-02-12",112.04,2.3,95.12,25.61
"2018-02-13",111.63,2.37,94.96,24.97
"2018-02-14",111.38,2.3,97.44,19.26
"2018-02-15",112.11,2.22,98.64,19.13
"2018-02-16",112.85,2.17,99.04,19.46
"2018-02-20",112.11,2.13,99.12,20.6
"2018-02-21",111.72,2.1,98.32,20.02
"2018-02-22",111.84,2.18,100.72,18.72
"2018-02-23",112.68,2.21,102.16,16.49
"2018-02-26",112.99,2.15,102.88,15.8
"2018-02-27",112.78,2.14,101.2,18.59
"2018-02-28",112.54,2.18,98.96,19.85
"2018-03-01",111.79,2.28,98.8,22.47
"2018-03-02",112.17,2.32,98.96,19.59
"2018-03-05",112,2.28,100.72,18.73
"2018-03-06",112.17,2.23,100.56,18.36
"2018-03-07",112.05,2.25,98.8,17.76
"2018-03-08",112.06,2.26,97.2,16.54
"2018-03-09",112.28,2.23,99.76,14.64
"2018-03-12",112.26,2.26,98.96,15.78
"2018-03-13",112.08,2.27,97.92,16.35
"2018-03-14",112.33,2.32,98.24,17.23
"2018-03-15",112.24,2.33,98.72,16.59
"2018-03-16",112.23,2.31,100.4,15.8
"2018-03-19",111.76,2.34,100.4,19.02
"2018-03-20",111.53,2.31,102.48,18.2
"2018-03-21",111.87,2.3,105.44,17.86
"2018-03-22",111.54,2.38,103.6,23.34
"2018-03-23",111.09,2.42,106.24,24.87
"2018-03-26",111.76,2.41,105.68,21.03
"2018-03-27",111.93,2.43,104.64,22.5
"2018-03-28",112.22,2.45,104.32,22.87
"2018-03-29",112.82,2.46,104.72,19.97
"2018-04-02",112.23,2.48,101.92,23.62
"2018-04-03",112.31,2.42,102.48,21.1
"2018-04-04",112.44,2.42,102.56,20.06
"2018-04-05",112.4,2.33,102.64,18.94
"2018-04-06",112.57,2.38,100.08,21.49
"2018-04-09",112.46,2.36,102.16,21.77
"2018-04-10",112.28,2.29,106,20.47
"2018-04-11",112.32,2.28,107.6,20.24
"2018-04-12",112.32,2.21,108.16,18.49
"2018-04-13",112.41,2.17,108.4,17.41
"2018-04-16",112.27,2.14,107.04,16.56
"2018-04-17",112.03,2.11,107.28,15.25
"2018-04-18",112.03,2.08,111.04,15.6
"2018-04-19",111.64,2.14,110.16,15.96
"2018-04-20",111.15,2.14,110,16.88
"2018-04-23",110.88,2.16,111.36,16.34
"2018-04-24",110.71,2.21,109.44,18.02
"2018-04-25",110.31,2.26,109.76,17.84
"2018-04-26",110.4,2.24,110.16,16.24
"2018-04-27",110.49,2.25,109.84,15.41
"2018-04-30",110.14,2.28,110.4,15.93
"2018-05-01",109.53,2.28,108.88,15.49
"2018-05-02",108.66,2.29,109.36,15.97
"2018-05-03",108.54,2.32,110.56,15.9
"2018-05-04",108.63,2.32,112.72,14.77
"2018-05-07",108.18,2.31,112.8,14.75
"2018-05-08",107.54,2.3,112.48,14.71
"2018-05-09",107.35,2.28,114.96,13.42
"2018-05-10",108.71,2.26,115.28,13.23
"2018-05-11",109.17,2.26,114,12.65
"2018-05-14",108.98,2.25,115.04,12.93
"2018-05-15",108.23,2.23,115.2,14.63
"2018-05-16",108.46,2.24,115.68,13.42
"2018-05-17",108.03,2.24,115.92,13.43
"2018-05-18",107.91,2.29,115.44,13.42
"2018-05-21",107.93,2.29,117.36,13.08
"2018-05-22",108.35,2.29,116.48,13.22
"2018-05-23",109.02,2.37,116.08,12.58
"2018-05-24",109.35,2.38,114.32,12.53
"2018-05-25",109.62,2.42,109.44,13.22
"2018-05-29",109.32,2.62,108.08,17.02
"2018-05-30",109.29,2.52,110.64,14.94
"2018-05-31",108.84,2.54,108.4,15.43
"2018-06-01",108,2.45,106,13.46
"2018-06-04",107.96,2.39,104.96,12.74
"2018-06-05",108.13,2.4,105.76,12.4
"2018-06-06",107.89,2.36,105.28,11.64
"2018-06-07",107.59,2.37,106.8,12.13
"2018-06-08",107.69,2.38,106.16,12.18
"2018-06-11",107.48,2.35,106.88,12.35
"2018-06-12",107.03,2.33,107.2,12.34
"2018-06-13",106.69,2.3,107.76,12.94
"2018-06-14",106.56,2.3,108.16,12.12
"2018-06-15",106.78,2.3,104.4,11.98
"2018-06-18",106.21,2.32,106.32,12.31
"2018-06-19",106.18,2.36,105.12,13.35
"2018-06-20",106.41,2.32,106.24,12.79
"2018-06-21",106.8,2.37,106.48,14.64
"2018-06-22",107.4,2.37,112.16,13.77
"2018-06-25",106.91,2.44,110.16,17.33
"2018-06-26",106.76,2.45,114.16,15.92
"2018-06-27",106.55,2.53,117.2,17.91
"2018-06-28",106.76,2.58,118.88,16.85
"2018-06-29",106.77,2.57,120.48,16.09
"2018-07-02",106.32,2.66,119.68,15.6
"2018-07-03",106.66,2.66,119.36,16.14
"2018-07-05",107.34,2.63,118.24,14.97
"2018-07-06",108.26,2.62,119.68,13.37
"2018-07-09",108.56,2.55,120.24,12.69
"2018-07-10",108.75,2.5,120.56,12.64
"2018-07-11",108.3,2.56,114.48,13.63
"2018-07-12",108.51,2.52,115.12,12.58
"2018-07-13",109.07,2.53,115.76,12.18
"2018-07-16",108.79,2.5,111.52,12.83
"2018-07-17",108.78,2.49,111.6,12.06
"2018-07-18",108.68,2.48,112.8,12.1
"2018-07-19",108.66,2.51,113.04,12.87
"2018-07-20",108.56,2.47,113.2,12.86
"2018-07-23",108.42,2.41,112.72,12.62
"2018-07-24",108.32,2.39,113.84,12.41
"2018-07-25",109.29,2.39,115.36,12.29
"2018-07-26",109.38,2.34,115.76,12.14
"2018-07-27",109.57,2.35,114.56,13.03
"2018-07-30",109.26,2.34,116.32,14.26
"2018-07-31",109.06,2.33,114.24,12.83
"2018-08-01",108.16,2.3,112.72,13.15
"2018-08-02",108.07,2.3,114.88,12.19
"2018-08-03",108.31,2.31,114.16,11.64
"2018-08-06",108.13,2.31,114.48,11.27
"2018-08-07",107.97,2.24,114.88,10.93
"2018-08-08",107.97,2.25,111.2,10.85
"2018-08-09",107.59,2.26,111.04,11.27
"2018-08-10",106.37,2.35,112.64,13.16
"2018-08-13",105.9,2.36,112.08,14.78
"2018-08-14",106.59,2.33,111.92,13.31
"2018-08-15",106.37,2.39,108.08,14.64
"2018-08-16",106.59,2.33,109.04,13.45
"2018-08-17",107.02,2.33,109.52,12.64
"2018-08-20",106.88,2.36,110.08,12.49
"2018-08-21",107.18,2.33,110.64,12.86
"2018-08-22",107.65,2.32,114.16,12.25
"2018-08-23",107.12,2.31,114.16,12.41
"2018-08-24",107.4,2.3,115.44,11.99
"2018-08-27",107.54,2.27,116,12.16
"2018-08-28",107.34,2.24,115.44,12.5
"2018-08-29",107.02,2.24,117.28,12.25
"2018-08-30",106.43,2.27,118,13.53
"2018-08-31",106.1,2.3,117.68,12.86
"2018-09-04",105.34,2.27,116.64,13.16
"2018-09-05",105.41,2.29,115.92,13.91
"2018-09-06",105.88,2.31,114.4,14.65
"2018-09-07",105.6,2.26,114.24,14.88
"2018-09-10",105.4,2.25,113.68,14.16
"2018-09-11",105.2,2.21,116.8,13.22
"2018-09-12",105.54,2.2,118.24,13.14
"2018-09-13",106.57,2.17,115.92,12.37
"2018-09-14",106.69,2.13,116,12.07
"2018-09-17",106.36,2.14,115.76,13.68
"2018-09-18",106.03,2.1,117.52,12.79
"2018-09-19",106.41,2.09,119.52,11.75
"2018-09-20",107.01,2.11,118.4,11.8
"2018-09-21",107.24,2.12,119.68,11.68
"2018-09-24",107.13,2.14,122,12.2
"2018-09-25",107.21,2.13,122.16,12.42
"2018-09-26",107.7,2.13,120.88,12.89
"2018-09-27",108.08,2.12,122.08,12.41
"2018-09-28",107.81,2.12,124.16,12.12
"2018-10-01",107.36,2.09,127.6,12
"2018-10-02",107.47,2.09,126.96,12.05
"2018-10-03",106.91,2.03,128.64,11.61
"2018-10-04",106.16,2.14,125.92,14.22
"2018-10-05",105.84,2.17,125.52,14.82
"2018-10-08",105.81,2.17,125.44,15.69
"2018-10-09",105.85,2.26,126.56,15.95
"2018-10-10",105.41,2.35,123.04,22.96
"2018-10-11",105.57,2.4,119.6,24.98
"2018-10-12",105.81,2.37,120.96,21.31
"2018-10-15",105.83,2.32,121.04,21.3
"2018-10-16",106.23,2.29,121.52,17.62
"2018-10-17",105.98,2.28,118.56,17.4
"2018-10-18",105.58,2.34,116.48,20.06
"2018-10-19",105.46,2.34,117.76,19.89
"2018-10-22",105.35,2.35,117.92,19.64
"2018-10-23",105.38,2.46,112.32,20.71
"2018-10-24",104.97,2.48,112.4,25.23
"2018-10-25",105.3,2.49,113.68,24.22
"2018-10-26",105.44,2.6,114.64,24.16
"2018-10-29",104.99,2.58,112.88,24.7
"2018-10-30",105.1,2.59,112.24,23.35
"2018-10-31",104.66,2.53,110.32,21.23
"2018-11-01",104.7,2.53,107.68,19.34
"2018-11-02",104.58,2.44,106.48,19.51
"2018-11-05",104.83,2.43,106.4,19.96
"2018-11-06",104.7,2.39,105.44,19.91
"2018-11-07",104.95,2.32,104.48,16.36
"2018-11-08",104.56,2.28,102.72,16.72
"2018-11-09",104.61,2.39,101.6,17.36
"2018-11-12",104.23,2.38,99.84,20.45
"2018-11-13",104.1,2.53,93.52,20.02
"2018-11-14",104.3,2.62,95.6,21.25
"2018-11-15",103.87,2.71,95.84,19.98
"2018-11-16",104.03,2.78,96.56,18.14
"2018-11-19",103.66,2.82,97.12,20.1
"2018-11-20",102.82,2.88,90.16,22.48
"2018-11-21",103.29,2.8,92.16,20.8
"2018-11-23",102.93,2.83,86.64,21.52
"2018-11-26",103.08,2.8,87.52,18.9
"2018-11-27",102.36,2.84,87.6,19.02
"2018-11-28",103.64,2.79,85.28,18.49
"2018-11-29",103.46,2.76,86.96,18.79
"2018-11-30",103.69,2.8,85.84,18.07
"2018-12-03",103.96,2.73,90.16,16.44
"2018-12-04",103.66,2.82,89.44,20.74
"2018-12-06",103.97,2.99,87.52,21.19
"2018-12-07",104.07,2.99,88.88,23.23
"2018-12-10",104.07,3.02,86,22.64
"2018-12-11",104.14,2.95,87.6,21.76
"2018-12-12",104.33,2.86,86.56,21.46
"2018-12-13",104.63,2.84,89.68,20.65
"2018-12-14",104.65,2.9,86.56,21.63
"2018-12-17",104.79,2.99,83.6,24.52
"2018-12-18",103.61,3.08,78.32,25.58
"2018-12-19",103.47,3.19,80.16,25.58
"2018-12-20",103.28,3.4,77.76,28.38
"2018-12-21",102.95,3.49,76.56,30.11
"2018-12-24",102.9,3.59,74.32,36.07
"2018-12-26",103.05,3.62,79.2,30.41
"2018-12-27",103.48,3.63,76.96,29.96
"2018-12-28",103.55,3.56,76.24,28.34
"2018-12-31",103.91,3.6,77.28,25.42
"2019-01-02",103.91,3.61,78.8,23.22
"2019-01-03",104.35,3.71,79.6,25.45
"2019-01-04",105.14,3.4,81.44,21.38
"2019-01-07",105.59,3.21,82.32,21.4
"2019-01-08",105.51,3.05,84,20.47
"2019-01-09",105.7,2.95,88.4,19.98
"2019-01-10",105.51,2.95,88.8,19.5
"2019-01-11",105.52,2.96,87.2,18.19
"2019-01-14",105.4,2.99,85.52,19.07
"2019-01-15",105.76,2.95,88,18.6
"2019-01-16",105.85,2.85,88.48,19.04
"2019-01-17",106.21,2.8,88.24,18.06
"2019-01-18",106.72,2.71,90.48,17.8
"2019-01-22",106.75,2.8,88.96,20.8
"2019-01-23",107.28,2.79,88.4,19.52
"2019-01-24",107.8,2.83,89.36,18.89
"2019-01-25",107.7,2.72,90,17.42
"2019-01-28",107.21,2.77,87.6,18.87
"2019-01-29",107.3,2.76,89.28,19.13
"2019-01-30",108.06,2.74,91.2,17.66
"2019-01-31",108.88,2.75,90.8,16.57
"2019-02-01",108.59,2.67,93.04,16.14
"2019-02-04",108.22,2.63,92,15.73
"2019-02-05",108.94,2.54,90.32,15.57
"2019-02-06",108.38,2.52,90.56,15.38
"2019-02-07",108.18,2.67,88.56,16.37
"2019-02-08",107.7,2.69,88.64,15.72
"2019-02-11",107.45,2.66,88.08,15.97
"2019-02-12",107.85,2.56,89.28,15.43
"2019-02-13",107.86,2.5,90.72,15.65
"2019-02-14",108.14,2.55,91.84,16.22
"2019-02-15",108.23,2.51,93.68,14.91
"2019-02-19",108.16,2.51,94.24,14.88
"2019-02-20",108.17,2.48,95.44,14.02
"2019-02-21",108.1,2.46,95.04,14.46
"2019-02-22",108.77,2.48,95.6,13.51
"2019-02-25",108.59,2.42,92.56,14.85
"2019-02-26",108.91,2.44,93.04,15.17
"2019-02-27",108.94,2.39,95.12,14.7
"2019-02-28",108.87,2.39,95.6,14.78
"2019-03-01",108.04,2.33,93.28,13.57
"2019-03-04",107.98,2.35,94.4,14.63
"2019-03-05",108.03,2.35,94.56,14.74
"2019-03-06",107.94,2.41,94,15.74
"2019-03-07",107.69,2.51,94.48,16.59
"2019-03-08",107.99,2.57,93.84,16.05
"2019-03-11",108.39,2.52,94.88,14.33
"2019-03-12",108.73,2.48,95.12,13.77
"2019-03-13",108.76,2.41,97.52,13.41
"2019-03-14",108.6,2.39,97.76,13.5
"2019-03-15",109.04,2.37,97.6,12.88
"2019-03-18",109.14,2.37,98.48,13.1
"2019-03-19",109.22,2.33,98.24,13.56
"2019-03-20",110.19,2.39,100,13.91
"2019-03-21",110.16,2.33,99.52,13.63
"2019-03-22",109.43,2.42,97.84,16.48
"2019-03-25",110.04,2.48,98,16.33
"2019-03-26",110.14,2.47,99.76,14.68
"2019-03-27",109.73,2.47,98.72,15.15
"2019-03-28",109.96,2.46,98.8,14.43
"2019-03-29",110.06,2.39,100,13.71
"2019-04-01",109.8,2.33,102.56,13.4
"2019-04-02",109.87,2.36,104.08,13.36
"2019-04-03",109.62,2.32,103.92,13.74
"2019-04-04",109.59,2.33,103.36,13.58
"2019-04-05",110.02,2.29,105.2,12.82
"2019-04-08",109.58,2.28,107.2,13.18
"2019-04-09",109.65,2.29,106.64,14.28
"2019-04-10",109.87,2.31,107.28,13.3
"2019-04-11",109.47,2.23,106.16,13.02
"2019-04-12",109.46,2.13,106.4,12.01
"2019-04-15",109.53,2.16,105.92,12.32
"2019-04-16",109.32,2.12,106.96,12.18
"2019-04-17",109.42,2.16,106.24,12.6
"2019-04-18",109.51,2.2,106.56,12.09
"2019-04-22",109.43,2.2,109.36,12.42
"2019-04-23",109.76,2.19,110.32,12.28
"2019-04-24",109.45,2.21,109.44,13.14
"2019-04-25",109.6,2.23,108.24,13.25
"2019-04-26",109.53,2.25,104.72,12.73
"2019-04-29",109.64,2.22,105.84,13.11
"2019-04-30",109.8,2.26,106.32,13.12
"2019-05-01",109.32,2.24,105.76,14.8
"2019-05-02",109.15,2.27,102.56,14.42
"2019-05-03",109.77,2.25,102.96,12.87
"2019-05-06",109.75,2.32,104.56,15.44
"2019-05-07",109.17,2.38,101.84,19.32
"2019-05-08",109.29,2.37,103.12,19.4
"2019-05-09",108.96,2.48,102.48,19.1
"2019-05-10",109.33,2.5,102.72,16.04
"2019-05-13",108.45,2.66,101.44,20.55
"2019-05-14",108.79,2.6,102.96,18.06
"2019-05-15",109.19,2.63,103.76,16.44
"2019-05-16",109.21,2.54,105.12,15.29
"2019-05-17",108.96,2.55,104.64,15.96
"2019-05-20",109.45,2.55,105.2,16.31
"2019-05-21",109.58,2.48,105.04,14.95
"2019-05-22",109.52,2.5,101.92,14.75
"2019-05-23",109.37,2.66,96.72,16.92
"2019-05-24",109.48,2.61,97.84,15.85
"2019-05-28",109.62,2.63,97.84,17.5
"2019-05-29",109.56,2.76,97.92,17.9
"2019-05-30",109.89,2.72,94.08,17.3
"2019-05-31",109.89,2.94,88.8,18.71
"2019-06-03",109.39,3.05,87.92,18.86
"2019-06-04",110.05,2.88,89.28,16.97
"2019-06-05",110.4,2.82,86.16,16.09
"2019-06-06",110.82,2.76,88.48,15.93
"2019-06-07",111.49,2.7,89.84,16.3
"2019-06-10",111.35,2.6,88.88,15.94
"2019-06-11",111.2,2.55,88.88,15.99
"2019-06-12",111.11,2.57,85.12,15.91
"2019-06-13",111.36,2.58,87.04,15.82
"2019-06-14",111.27,2.56,87.52,15.28
"2019-06-17",111.32,2.56,86.48,15.35
"2019-06-18",112.45,2.49,90,15.15
"2019-06-19",113.43,2.51,90.64,14.33
"2019-06-20",113.94,2.39,94.8,14.75
"2019-06-21",112.83,2.3,95.76,15.4
"2019-06-24",113.05,2.33,96.08,15.26
"2019-06-25",112.47,2.41,96,16.28
"2019-06-26",112.66,2.39,98.32,16.21
"2019-06-27",113.12,2.42,98.32,15.82
"2019-06-28",113.29,2.39,96.32,15.08
"2019-07-01",113.43,2.35,98.24,14.06
"2019-07-02",113.63,2.4,93.6,12.93
"2019-07-03",113.94,2.39,94.16,12.57
"2019-07-05",113.35,2.35,95.6,13.28
"2019-07-08",113.19,2.36,95.44,13.96
"2019-07-09",112.92,2.38,96.32,14.09
"2019-07-10",113.1,2.37,100.24,13.03
"2019-07-11",112.77,2.35,100.4,12.93
"2019-07-12",113,2.37,100.16,12.39
"2019-07-15",113.23,2.37,98.4,12.68
"2019-07-16",113.17,2.34,96.56,12.86
"2019-07-17",113.3,2.38,94,13.97
"2019-07-18",113.51,2.45,92.48,13.53
"2019-07-19",113.34,2.41,93.36,14.45
"2019-07-22",113.74,2.41,93.44,13.53
"2019-07-23",114.09,2.35,94.48,12.61
"2019-07-24",114.35,2.33,92.72,12.07
"2019-07-25",114.18,2.29,92.8,12.74
"2019-07-26",114.12,2.26,93.2,12.16
"2019-07-29",114.11,2.29,94.56,12.83
"2019-07-30",113.92,2.32,96.64,13.94
"2019-07-31",113.68,2.34,96.32,16.12
"2019-08-01",113.75,2.48,90.48,17.87
"2019-08-02",113.68,2.54,91.84,17.61
"2019-08-05",112.56,2.83,90.96,24.59
"2019-08-06",113.35,2.77,89.12,20.17
"2019-08-07",113.92,2.78,86.72,19.49
"2019-08-08",114.49,2.59,87.68,16.91
"2019-08-09",114.43,2.57,90.24,17.97
"2019-08-12",113.23,2.63,90.88,21.09
"2019-08-13",113.07,2.49,94.96,17.52
"2019-08-14",112.92,2.7,91.52,22.1
"2019-08-15",113.37,2.72,90.8,21.18
"2019-08-16",114.02,2.67,91.2,18.47
"2019-08-19",113.56,2.59,93.28,16.88
"2019-08-20",113.59,2.6,93.04,17.5
"2019-08-21",113.92,2.47,92.88,15.8
"2019-08-22",113.98,2.41,92.24,16.68
"2019-08-23",114.03,2.47,89.52,19.87
"2019-08-26",113.93,2.45,89.44,19.32
"2019-08-27",114.25,2.44,91.36,20.31
"2019-08-28",114.38,2.4,93.12,19.35
"2019-08-29",114.64,2.34,94.24,17.88
"2019-08-30",115.02,2.35,91.68,18.98
"2019-09-03",114.87,2.46,89.76,19.66
"2019-09-04",115.59,2.47,93.68,17.33
"2019-09-05",114.97,2.32,93.6,16.27
"2019-09-06",115.38,2.31,94.16,15
"2019-09-09",114.43,2.25,96.64,15.27
"2019-09-10",113.58,2.19,95.84,15.2
"2019-09-11",113.7,2.24,93.44,14.61
"2019-09-12",113.92,2.17,91.76,14.22
"2019-09-13",112.61,2.19,91.52,13.74
"2019-09-16",113.09,2.2,102.64,14.67
"2019-09-17",113.45,2.2,98.32,14.44
"2019-09-18",113.46,2.2,96.8,13.95
"2019-09-19",113.96,2.17,97.52,14.05
"2019-09-20",114.47,2.19,97.6,15.32
"2019-09-23",114.21,2.22,97.68,14.91
"2019-09-24",113.48,2.27,95.2,17.05
"2019-09-25",113.15,2.27,94.4,15.96
"2019-09-26",113.38,2.29,94.4,16.07
"2019-09-27",113.23,2.33,93.28,17.22
"2019-09-30",113.35,2.32,90.72,16.24
"2019-10-01",112.41,2.37,89.52,18.56
"2019-10-02",112.39,2.53,87.84,20.56
"2019-10-03",112.93,2.62,87.44,19.12
"2019-10-04",113.92,2.6,88.32,17.04
"2019-10-07",113.28,2.54,88.32,17.86
"2019-10-08",113.17,2.59,87.12,20.28
"2019-10-09",113.18,2.53,87.92,18.64
"2019-10-10",112.99,2.47,89.52,17.57
"2019-10-11",112.91,2.33,91.36,15.58
"2019-10-14",112.96,2.33,89.44,14.57
"2019-10-15",113.2,2.24,88.48,13.54
"2019-10-16",113.02,2.26,89.12,13.68
"2019-10-17",113.18,2.26,90.24,13.79
"2019-10-18",113.28,2.26,89.76,14.25
"2019-10-21",112.87,2.22,89.68,14
"2019-10-22",113.28,2.23,90.72,14.46
"2019-10-23",113.48,2.22,93.2,14.01
"2019-10-24",113.48,2.2,93.84,13.71
"2019-10-25",113.45,2.14,94.64,12.65
"2019-10-28",113.27,2.12,93.2,13.11
"2019-10-29",112.97,2.12,92.64,13.2
"2019-10-30",113.09,2.19,91.76,12.33
"2019-10-31",113.6,2.38,90.4,13.22
"2019-11-01",113.6,2.32,93.52,12.3
"2019-11-04",113.36,2.25,94.48,12.83
"2019-11-05",112.54,2.22,95.44,13.1
"2019-11-06",112.59,2.24,94.48,12.62
"2019-11-07",112.2,2.19,95.04,12.73
"2019-11-08",112.36,2.24,95.92,12.07
"2019-11-11",112.27,2.23,95.12,12.69
"2019-11-12",112.04,2.24,94.96,12.68
"2019-11-13",111.87,2.26,95.68,13
"2019-11-14",112.46,2.29,95.28,13.05
"2019-11-15",112.55,2.29,96.64,12.05
"2019-11-18",112.02,2.33,95.2,12.46
"2019-11-19",111.77,2.32,92.56,12.86
"2019-11-20",111.96,2.37,95.2,12.78
"2019-11-21",111.97,2.34,97.6,13.13
"2019-11-22",112.27,2.3,96.88,12.34
"2019-11-25",112.26,2.26,96.88,11.87
"2019-11-26",112.56,2.23,97.52,11.54
"2019-11-27",112.4,2.17,97.12,11.75
"2019-11-29",112.12,2.18,92.96,12.62
"2019-12-02",111.26,2.2,93.36,14.91
"2019-12-03",111.48,2.33,94.08,15.96
"2019-12-04",111.74,2.22,97.52,14.8
"2019-12-05",112.07,2.21,97.52,14.52
"2019-12-06",112.3,2.12,98.56,13.62
"2019-12-09",112.6,2.11,98.64,15.86
"2019-12-10",112.6,2.08,99.12,15.68
"2019-12-11",113.35,2.09,98.4,14.99
"2019-12-12",113.36,1.96,98.96,13.94
"2019-12-13",113.78,2.01,99.92,12.63
"2019-12-16",113.85,1.94,100.72,12.14
"2019-12-17",114.27,1.92,101.76,12.29
"2019-12-18",114.49,1.88,101.92,12.58
"2019-12-19",113.66,1.92,102.24,12.5
"2019-12-20",113.94,1.92,101.04,12.51
"2019-12-23",114.07,1.91,101.6,12.61
"2019-12-24",114.27,1.93,102.16,12.67
"2019-12-26",114.43,1.94,103.12,12.65
"2019-12-27",114.74,1.96,103.28,13.43
"2019-12-30",114.55,2.01,103.12,14.82
"2019-12-31",114.56,2.02,102.48,13.78
"2020-01-02",114.7,1.99,102.48,12.47
"2020-01-03",114.41,2.04,105.44,14.02
"2020-01-06",114.18,2,105.28,13.85
"2020-01-07",114.36,1.98,105.04,13.79
"2020-01-08",114.66,1.95,101.28,13.45
"2020-01-09",114.58,1.94,99.92,12.54
"2020-01-10",114.6,1.95,99.28,12.56
"2020-01-13",114.71,1.93,97.6,12.32
"2020-01-14",114.68,1.91,98.24,12.39
"2020-01-15",115.11,1.9,97.44,12.42
"2020-01-16",115.35,1.89,98.32,12.32
"2020-01-17",115.21,1.87,98.64,12.1
"2020-01-21",115.11,1.94,97.92,12.85
"2020-01-22",115.2,1.95,95.2,12.91
"2020-01-23",114.93,2.02,93.28,12.98
"2020-01-24",114.78,2.1,91.44,14.56
"2020-01-27",114.64,2.4,88.8,18.23
"2020-01-28",115.18,2.23,90,16.28
"2020-01-29",115.71,2.19,89.28,16.39
"2020-01-30",115.63,2.3,88.64,15.49
"2020-01-31",115.98,2.41,86.72,18.84
"2020-02-03",115.54,2.34,83.92,17.97
"2020-02-04",115.4,2.24,83.52,16.05
"2020-02-05",115.44,2.15,85.6,15.15
"2020-02-06",115.72,2.12,85.92,14.96
"2020-02-07",115.72,2.18,84.64,15.47
"2020-02-10",115.74,2.16,83.36,15.04
"2020-02-11",115.69,2.11,84,15.18
"2020-02-12",115.86,2.05,86.48,13.74
"2020-02-13",115.89,2.04,86.72,14.15
"2020-02-14",116.35,2.04,87.6,13.68
"2020-02-18",116.45,2.08,87.6,14.83
"2020-02-19",116.68,2.04,89.44,14.38
"2020-02-20",116.75,2.08,90.24,15.56
"2020-02-21",117.01,2.14,89.28,17.08
"2020-02-24",116.5,2.45,85.92,25.03
"2020-02-25",115.78,2.59,83.2,27.85
"2020-02-26",115.72,2.65,81.52,27.56
"2020-02-27",114.28,2.95,78.24,39.16
"2020-02-28",114.12,3.32,75.6,40.11
"2020-03-02",114.62,3.25,79.36,33.42
"2020-03-03",115.95,3.12,79.12,36.82
"2020-03-04",116.81,3.03,78.88,31.99
"2020-03-05",115.78,3.27,76.88,39.62
"2020-03-06",115.3,3.77,69.84,41.94
"2020-03-09",105.96,4.69,52.16,54.46
"2020-03-10",107.19,4.4,57.92,47.3
"2020-03-11",102.34,4.59,55.52,53.9
"2020-03-12",97.3,5.3,52.32,75.47
"2020-03-13",100.06,5.21,55.68,57.83
"2020-03-16",95.44,6.16,48.4,82.69
"2020-03-17",94.51,6.18,45.68,75.91
"2020-03-18",85.8,6.7,37.68,76.45
"2020-03-19",87.98,7.43,42.96,72
"2020-03-20",91.09,7.67,39.52,66.04
"2020-03-23",91.35,8.37,39.04,61.59
"2020-03-24",94.2,8.05,39.84,61.67
"2020-03-25",97.98,7.63,40.64,63.95
"2020-03-26",99.6,6.94,38.64,61
"2020-03-27",97.55,6.63,35.76,65.54
"2020-03-30",97.42,6.5,33.84,57.08
"2020-03-31",96.68,6.41,33.68,53.54
"2020-04-01",93.85,6.68,35.04,57.06
"2020-04-02",95.77,6.72,40.88,50.91
"2020-04-03",95.6,6.93,47.2,46.8
"2020-04-06",97.53,6.76,43.84,45.24
"2020-04-07",98.09,6.39,40.72,46.7
"2020-04-08",98.51,6.33,42.96,43.35
"2020-04-09",101.35,5.57,39.84,41.67
"2020-04-13",101.15,5.3,39.44,41.17
"2020-04-14",101.82,4.99,37.28,37.76
"2020-04-15",99.8,5.3,35.44,40.84
"2020-04-16",99.15,5.24,34.88,40.11
"2020-04-17",99.85,5,33.68,38.15
"2020-04-20",99.22,5.21,30,43.83
"2020-04-21",97.83,5.57,22.48,45.41
"2020-04-22",97.91,5.53,20.08,41.98
"2020-04-23",98.38,5.53,21.12,41.38
"2020-04-24",97.95,5.66,20.56,35.93
"2020-04-27",97.78,5.63,17.52,33.29
"2020-04-28",98.74,5.63,17.04,33.57
"2020-04-29",100.32,5.5,18,31.23
"2020-04-30",100.5,5.39,19.12,34.15
"2020-05-01",99.69,5.47,18.86,37.19
"2020-05-04",99.69,5.55,19.67,35.97
"2020-05-05",100.78,5.37,21.51,33.61
"2020-05-06",100.33,5.37,20.85,34.12
"2020-05-07",101.13,5.37,20.47,31.44
"2020-05-08",101.65,5.3,21.47,27.98
"2020-05-11",102.21,5.28,21.17,27.57
"2020-05-12",102.02,5.21,20.97,33.04
"2020-05-13",101.41,5.41,20.6,35.28
"2020-05-14",101.88,5.59,21.45,32.61
"2020-05-15",102.16,5.6,22.39,31.89
"2020-05-18",103.94,5.22,24.31,29.3
"2020-05-19",104.02,5.18,24.44,30.53
"2020-05-20",106.02,4.99,25.34,27.99
"2020-05-21",105.99,4.92,26.6,29.53
"2020-05-22",105.51,4.91,25.57,28.16
"2020-05-26",106.16,4.62,25.66,28.01
"2020-05-27",106.34,4.62,25,27.62
"2020-05-28",106.04,4.54,25.03,28.59
"2020-05-29",106.4,4.64,25.88,27.51
"2020-06-01",106.58,4.59,26.22,28.23
"2020-06-02",107.61,4.39,27.07,26.84
"2020-06-03",108.09,4.08,27.12,25.66
"2020-06-04",107.58,4.1,27.5,25.81
"2020-06-05",108.46,3.82,28.87,24.52
"2020-06-08",109.23,3.82,28.37,25.81
"2020-06-09",108.94,4.06,28.42,27.57
"2020-06-10",108.95,4.23,28.43,27.57
"2020-06-11",106.45,4.66,26.36,40.79
"2020-06-12",107.69,4.54,26.43,36.09
"2020-06-15",108.26,4.51,26.98,34.4
"2020-06-16",108.77,4.06,27.64,33.67
"2020-06-17",108.61,4.13,27.28,33.47
"2020-06-18",108.5,4.27,27.89,32.94
"2020-06-19",108.74,4.26,28.23,35.12
"2020-06-22",108.93,4.27,28.98,31.77
"2020-06-23",109.15,4.24,28.72,31.37
"2020-06-24",108.81,4.43,27.25,33.84
"2020-06-25",108.88,4.49,27.94,32.22
"2020-06-26",108.66,4.58,27.36,34.73
"2020-06-29",108.8,4.67,28.27,31.78
"2020-06-30",109.22,4.69,28.06,30.43
"2020-07-01",109.14,4.59,28.35,28.62
"2020-07-02",109.72,4.45,28.75,27.68
"2020-07-06",110.4,4.33,28.96,27.94
"2020-07-07",109.78,4.34,28.79,29.43
"2020-07-08",110.25,4.35,29.18,28.08
"2020-07-09",109.77,4.42,28.41,29.26
"2020-07-10",109.76,4.42,29.03,27.29
"2020-07-13",109.54,4.3,28.5,32.19
"2020-07-14",109.8,4.35,28.88,29.52
"2020-07-15",110.25,4.13,29.29,27.76
"2020-07-16",110.45,4.09,29.16,28
"2020-07-17",110.7,4.07,29.1,25.68
"2020-07-20",111.44,3.86,29.12,24.46
"2020-07-21",112.04,3.68,29.72,24.84
"2020-07-22",112.36,3.63,29.75,24.32
"2020-07-23",112.31,3.62,29.41,26.08
"2020-07-24",112.39,3.64,29.44,25.84
"2020-07-27",112.58,3.6,29.72,24.74
"2020-07-28",112.2,3.65,29.35,25.44
"2020-07-29",112.86,3.52,29.57,24.1
"2020-07-30",112.83,3.52,28.93,24.76
"2020-07-31",113.09,3.55,29.07,24.46
"2020-08-03",113.18,3.52,29.34,24.28
"2020-08-04",113.76,3.55,29.78,23.76
"2020-08-05",114.12,3.46,30.23,22.99
"2020-08-06",114.41,3.49,30.18,22.65
"2020-08-07",114.17,3.47,29.85,22.21
"2020-08-10",114.34,3.51,30.16,22.13
"2020-08-11",114.22,3.47,29.82,24.03
"2020-08-12",114.09,3.53,30.56,22.28
"2020-08-13",113.83,3.6,30.4,22.13
"2020-08-14",113.32,3.7,30.33,22.05
"2020-08-17",113.45,3.73,30.77,21.35
"2020-08-18",113.3,3.71,30.6,21.51
"2020-08-19",113.04,3.7,30.66,22.54
"2020-08-20",113.3,3.72,30.52,22.72
"2020-08-21",113.66,3.7,30.18,22.54
"2020-08-24",113.89,3.62,30.35,22.37
"2020-08-25",113.33,3.53,30.92,22.03
"2020-08-26",113.07,3.49,30.93,23.27
"2020-08-27",112.54,3.45,30.67,24.47
"2020-08-28",113.59,3.47,30.72,22.96
"2020-08-31",113.58,3.54,30.58,26.41
"2020-09-01",114.01,3.52,30.61,26.12
"2020-09-02",114.48,3.49,29.86,26.57
"2020-09-03",113.9,3.59,29.64,33.6
"2020-09-04",113.41,3.66,28.51,30.75
"2020-09-08",112.96,3.77,26.75,31.46
"2020-09-09",113.53,3.7,27.41,28.81
"2020-09-10",113.21,3.69,26.79,29.71
"2020-09-11",113.25,3.75,27.04,26.87
"2020-09-14",113.36,3.74,26.94,25.85
"2020-09-15",113.55,3.71,27.52,25.59
"2020-09-16",113.28,3.66,28.7,26.04
"2020-09-17",112.81,3.74,29.23,26.46
"2020-09-18",112.29,3.77,29.06,25.83
"2020-09-21",111.19,3.98,28.29,27.78
"2020-09-22",110.96,4.02,28.17,26.86
"2020-09-23",109.53,4.04,28.03,28.58
"2020-09-24",109.82,4.2,28.5,28.51
"2020-09-25",110.35,4.19,28.35,26.38
"2020-09-28",110.6,4.06,28.69,26.19
"2020-09-29",110.35,4.07,27.7,26.27
"2020-09-30",110.89,4,28.29,26.37
"2020-10-01",110.73,3.97,27.51,26.7
"2020-10-02",110.34,4,26.35,27.63
"2020-10-05",110.77,3.8,27.93,27.96
"2020-10-06",110.85,3.69,28.39,29.48
"2020-10-07",111.09,3.67,28.39,28.06
"2020-10-08",112.17,3.61,29.14,26.36
"2020-10-09",112.44,3.58,28.69,25
"2020-10-12",112.73,3.57,28.07,25.07
"2020-10-13",112.45,3.54,28.46,26.07
"2020-10-14",112.41,3.55,28.98,26.4
"2020-10-15",111.96,3.67,28.94,26.97
"2020-10-16",112.13,3.6,28.72,27.41
"2020-10-19",111.48,3.57,28.59,29.18
"2020-10-20",111.54,3.58,29.05,29.35
"2020-10-21",110.97,3.56,28.1,28.65
"2020-10-22",110.45,3.53,28.51,28.11
"2020-10-23",110.97,3.52,27.88,27.55
"2020-10-26",110.57,3.66,27.11,32.46
"2020-10-27",111.23,3.69,27.69,33.35
"2020-10-28",110.28,3.89,26.31,40.28
"2020-10-29",110.32,3.85,25.6,37.59
"2020-10-30",110.02,3.85,25.25,38.02
"2020-11-02",109.8,3.79,26.26,37.13
"2020-11-03",110.69,3.62,26.72,35.55
"2020-11-04",112.83,3.37,27.44,29.57
"2020-11-05",113.26,3.23,27.16,27.58
"2020-11-06",112.76,3.29,26.47,24.86
"2020-11-09",113.3,2.92,28.07,25.75
"2020-11-10",113.18,3.07,28.91,24.8
"2020-11-11",113.61,3.07,29.04,23.45
"2020-11-12",113.39,3.28,28.66,25.35
"2020-11-13",113.83,3.3,28.13,23.1
"2020-11-16",114.08,3.2,28.81,22.45
"2020-11-17",113.88,3.18,28.87,22.71
"2020-11-18",113.78,3.12,29,23.84
"2020-11-19",114.04,3.17,29.09,23.11
"2020-11-20",114.12,3.19,29.27,23.7
"2020-11-23",114.03,3.14,29.52,22.66
"2020-11-24",114.19,3.04,30.8,21.64
"2020-11-25",114.1,3.07,31.37,21.25
"2020-11-27",114.47,3.08,31.22,20.84
"2020-11-30",114.25,3.08,30.97,20.57
"2020-12-01",114.14,2.98,30.62,20.77
"2020-12-02",114.2,2.96,30.97,21.17
"2020-12-03",114.68,2.92,31.25,21.28
"2020-12-04",114.78,2.86,31.56,20.79
"2020-12-07",114.76,2.87,31.4,21.3
"2020-12-08",114.57,2.88,31.41,20.68
"2020-12-09",114.29,2.89,31.34,22.27
"2020-12-10",114.86,2.92,32.11,22.52
"2020-12-11",114.92,2.96,31.94,23.31
"2020-12-14",114.92,2.94,32.17,24.72
"2020-12-15",115.31,2.92,32.54,22.89
"2020-12-16",115.39,2.94,32.74,22.5
"2020-12-17",115.37,2.93,33.16,21.93
"2020-12-18",115.22,2.91,33.48,21.57
"2020-12-21",114.89,3.04,32.64,25.16
"2020-12-22",115.03,2.99,32.09,24.23
"2020-12-23",115.2,2.92,32.75,23.31
"2020-12-24",115.49,2.9,32.92,21.53
"2020-12-28",115.52,2.77,32.59,21.7
"2020-12-29",115.69,2.76,32.78,23.08
"2020-12-30",115.84,2.78,32.91,22.77
"2020-12-31",115.91,2.79,33.01,22.75
"2021-01-04",115.27,2.84,32.38,26.97
"2021-01-05",115.35,2.82,33.94,25.34
"2021-01-06",114.52,2.72,34.11,25.07
"2021-01-07",114.48,2.69,34.53,22.37
"2021-01-08",114.54,2.69,35.43,21.56
"2021-01-11",113.64,2.74,35.26,24.08
"2021-01-12",113.1,2.78,35.9,23.33
"2021-01-13",113.63,2.77,35.8,22.21
"2021-01-14",113.3,2.7,36.24,23.25
"2021-01-15",113.43,2.7,35.34,24.34
"2021-01-19",113.59,2.69,35.75,23.24
"2021-01-20",113.72,2.66,35.79,21.58
"2021-01-21",113.8,2.64,35.76,21.32
"2021-01-22",113.85,2.73,35.23,21.91
"2021-01-25",114.3,2.75,35.59,23.19
"2021-01-26",114.15,2.73,35.45,23.02
"2021-01-27",113.62,2.83,35.5,37.21
"2021-01-28",113.86,2.75,35.25,30.21
"2021-01-29",113.85,2.77,35.18,33.09
"2021-02-01",114.05,2.8,36.12,30.24
"2021-02-02",114.05,2.73,36.82,25.56
"2021-02-03",113.76,2.67,37.44,22.91
"2021-02-04",114.09,2.63,37.81,21.77
"2021-02-05",114.22,2.59,38.19,20.87
"2021-02-08",114.22,2.57,38.94,21.24
"2021-02-09",113.81,2.55,39.17,21.63
"2021-02-10",114.04,2.54,39.28,21.99
"2021-02-11",114.11,2.53,38.97,21.25
"2021-02-12",113.48,2.52,39.94,19.97
"2021-02-16",112.09,2.45,40.45,21.46
"2021-02-17",112.71,2.48,40.89,21.5
"2021-02-18",112.59,2.5,40.27,22.49
"2021-02-19",111.99,2.46,39.68,22.05
"2021-02-22",111.23,2.5,41.28,23.45
"2021-02-23",111.36,2.51,41.62,23.11
"2021-02-24",111.53,2.49,42.5,21.34
"2021-02-25",109.54,2.5,42.46,28.89
"2021-02-26",110.03,2.58,41.31,27.95
"2021-03-01",110.29,2.53,40.6,23.35
"2021-03-02",110.22,2.53,40.07,24.1
"2021-03-03",109.56,2.51,41.14,26.67
"2021-03-04",108.62,2.54,43.07,28.57
"2021-03-05",108.6,2.6,44.44,24.66
"2021-03-08",106.72,2.57,43.5,25.47
"2021-03-09",107.98,2.64,43.11,24.03
"2021-03-10",109.03,2.66,43.74,22.56
"2021-03-11",109.84,2.57,44.6,21.91
"2021-03-12",108.46,2.58,44.35,20.69
"2021-03-15",109.17,2.6,44.26,20.03
"2021-03-16",109.55,2.61,43.83,19.79
"2021-03-17",110.47,2.69,43.82,19.23
"2021-03-18",108.97,2.69,40.47,21.58
"2021-03-19",109.29,2.7,41.77,20.95
"2021-03-22",109.53,2.63,41.71,18.88
"2021-03-23",109.14,2.62,39.37,20.3
"2021-03-24",109.38,2.59,41.45,21.2
"2021-03-25",109.22,2.59,39.89,19.81
"2021-03-26",109.26,2.54,41.53,18.86
"2021-03-29",108.69,2.5,41.92,20.74
"2021-03-30",108.74,2.5,41.17,19.61
"2021-03-31",108.88,2.44,40.53,19.4
"2021-04-01",109.39,2.41,41.84,17.33
"2021-04-05",109.26,2.34,40.28,17.91
"2021-04-06",109.63,2.35,40.7,18.12
"2021-04-07",109.25,2.33,40.86,17.16
"2021-04-08",109.88,2.32,40.82,16.95
"2021-04-09",109.58,2.34,40.64,16.69
"2021-04-12",109.76,2.33,40.9,16.91
"2021-04-13",110.34,2.4,41.4,16.65
"2021-04-14",110.24,2.34,43.04,16.99
"2021-04-15",111.58,2.35,43.27,16.57
"2021-04-16",111.22,2.31,43.18,16.25
"2021-04-19",111.14,2.34,43.32,17.29
"2021-04-20",110.86,2.42,42.74,18.68
"2021-04-21",111.07,2.4,41.77,17.5
"2021-04-22",111.24,2.41,42.09,18.71
"2021-04-23",111.43,2.37,42.46,17.33
"2021-04-26",110.92,2.35,42.33,17.64
"2021-04-27",110.32,2.33,43.11,17.56
"2021-04-28",110.69,2.34,43.53,17.28
"2021-04-29",110.82,2.34,44.26,17.61
"2021-04-30",111.14,2.37,43.27,18.61
"2021-05-03",110.64,2.37,43.98,18.31
"2021-05-04",110.74,2.4,44.87,19.48
"2021-05-05",110.89,2.38,44.66,19.15
"2021-05-06",111.1,2.4,44.41,18.39
"2021-05-07",111.6,2.37,44.43,16.69
"2021-05-10",111.35,2.36,44.48,19.66
"2021-05-11",111.09,2.43,44.87,21.84
"2021-05-12",110.08,2.41,45.22,27.59
"2021-05-13",110.65,2.44,43.81,23.13
"2021-05-14",111.23,2.43,44.71,18.81
"2021-05-17",111.17,2.43,45.39,19.72
"2021-05-18",111.16,2.42,44.84,21.34
"2021-05-19",110.64,2.47,43.43,22.18
"2021-05-20",111.41,2.5,42.48,20.67
"2021-05-21",111.19,2.45,43.7,20.15
"2021-05-24",111.31,2.46,45.02,18.4
"2021-05-25",111.85,2.44,44.92,18.84
"2021-05-26",111.84,2.44,45.2,17.36
"2021-05-27",111.63,2.4,45.55,16.74
"2021-05-28",111.86,2.4,45.42,16.76
"2021-06-01",111.65,2.4,46.33,17.9
"2021-06-02",111.82,2.39,46.9,17.48
"2021-06-03",111.27,2.36,46.97,18.04
"2021-06-04",112.01,2.38,47.26,16.42
"2021-06-07",111.76,2.36,47.27,16.42
"2021-06-08",112.2,2.36,47.88,17.07
"2021-06-09",112.6,2.33,47.58,17.89
"2021-06-10",112.77,2.34,47.83,16.1
"2021-06-11",112.9,2.32,48.07,15.65
"2021-06-14",112.22,2.29,48.32,16.39
"2021-06-15",112.47,2.28,48.98,17.02
"2021-06-16",111.51,2.24,48.75,18.15
"2021-06-17",111.95,2.27,48.04,17.75
"2021-06-18",112.27,2.3,48.36,20.7
"2021-06-21",112.2,2.25,49.36,17.89
"2021-06-22",112.15,2.26,49.42,16.66
"2021-06-23",112.28,2.25,49.72,16.32
"2021-06-24",112.32,2.21,49.84,15.97
"2021-06-25",112.13,2.17,50.25,15.62
"2021-06-28",112.34,2.18,49.54,15.76
"2021-06-29",112.31,2.16,49.89,16.02
"2021-06-30",112.46,2.19,49.88,15.83
"2021-07-01",111.99,2.16,50.62,15.48
"2021-07-02",112.12,2.18,50.93,15.07
"2021-07-06",112.25,2.19,49.9,16.44
"2021-07-07",112.41,2.18,48.66,16.2
"2021-07-08",112.18,2.25,49.52,19
"2021-07-09",112.15,2.19,50.41,16.18
"2021-07-12",112.22,2.17,50.31,16.17
"2021-07-13",111.82,2.14,51.15,17.12
"2021-07-14",112.3,2.21,49.7,16.33
"2021-07-15",112.65,2.24,49.04,17.01
"2021-07-16",112.5,2.27,49.14,18.45
"2021-07-19",112.52,2.48,45.84,22.5
"2021-07-20",112.83,2.43,46.51,19.73
"2021-07-21",112.4,2.3,48.27,17.91
"2021-07-22",112.65,2.3,49.17,17.69
"2021-07-23",112.66,2.28,49.47,17.2
"2021-07-26",112.35,2.28,49.67,17.58
"2021-07-27",112.05,2.33,49.47,19.36
"2021-07-28",112.33,2.31,49.72,18.31
"2021-07-29",112.43,2.29,50.64,17.7
"2021-07-30",112.73,2.3,50.66,18.24
"2021-08-02",112.53,2.38,49.18,19.46
"2021-08-03",112.58,2.42,48.85,18.04
"2021-08-04",112.63,2.41,47.2,17.97
"2021-08-05",112.56,2.36,48.1,17.28
"2021-08-06",111.96,2.31,47.57,16.15
"2021-08-09",111.59,2.32,46.6,16.72
"2021-08-10",111.57,2.3,47.68,16.79
"2021-08-11",111.64,2.34,48.3,16.06
"2021-08-12",111.79,2.32,48.1,15.59
"2021-08-13",112.32,2.34,47.43,15.45
"2021-08-16",112.34,2.36,47.04,16.12
"2021-08-17",112.24,2.36,46.58,17.91
"2021-08-18",112.15,2.34,45.4,21.57
"2021-08-19",112.26,2.39,44.77,21.67
"2021-08-20",112.1,2.35,43.43,18.56
"2021-08-23",112.52,2.32,45.85,17.15
"2021-08-24",112.59,2.25,47.37,17.22
"2021-08-25",112.51,2.22,47.81,16.79
"2021-08-26",112.33,2.21,47.48,18.84
"2021-08-27",113.05,2.19,48.15,16.39
"2021-08-30",113.35,2.19,48.4,16.19
"2021-08-31",113.39,2.21,48.04,16.48
"2021-09-01",113.24,2.18,47.93,16.11
"2021-09-02",113.55,2.17,48.95,16.41
"2021-09-03",113.18,2.15,48.66,16.41
"2021-09-07",112.87,2.15,48.04,18.14
"2021-09-08",113.07,2.16,48.59,17.96
"2021-09-09",113.26,2.16,47.75,18.8
"2021-09-10",112.9,2.11,48.8,20.95
"2021-09-13",113.05,2.11,49.48,19.37
"2021-09-14",113.27,2.13,49.31,19.46
"2021-09-15",113.25,2.09,50.69,18.18
"2021-09-16",112.87,2.08,50.7,18.69
"2021-09-17",112.5,2.07,50.32,20.81
"2021-09-20",111.98,2.22,49.6,25.71
"2021-09-21",112.19,2.19,49.58,24.36
"2021-09-22",112.26,2.11,50.48,20.87
"2021-09-23",111.4,2.06,51.38,18.63
"2021-09-24",110.94,2.07,51.82,17.75
"2021-09-27",110.61,2.09,52.91,18.76
"2021-09-28",109.98,2.16,52.4,23.25
"2021-09-29",110.08,2.13,52.32,22.56
"2021-09-30",110.06,2.18,52.56,23.14
"2021-10-01",109.69,2.23,53.26,21.15
"2021-10-04",109.16,2.25,54.49,22.96
"2021-10-05",109.23,2.21,55.63,21.3
"2021-10-06",109,2.3,54.16,21
"2021-10-07",109.12,2.22,55.36,19.54
"2021-10-08",108.85,2.23,55.47,18.77
"2021-10-11",108.55,2.22,56.18,20
"2021-10-12",108.9,2.3,56.11,19.85
"2021-10-13",109.59,2.28,56.16,18.64
"2021-10-14",110.06,2.24,56.81,16.86
"2021-10-15",109.93,2.16,57.15,16.3
"2021-10-18",109.57,2.16,56.96,16.31
"2021-10-19",109.49,2.13,57.42,15.7
"2021-10-20",109.55,2.12,58.12,15.49
"2021-10-21",109.08,2.07,57.41,15.01
"2021-10-22",109.51,2.1,58.03,15.43
"2021-10-25",109.59,2.14,57.83,15.24
"2021-10-26",109.82,2.13,58.45,15.98
"2021-10-27",110.47,2.15,56.9,16.98
"2021-10-28",110.26,2.12,57.4,16.53
"2021-10-29",109.89,2.12,57.15,16.26
"2021-11-01",109.23,2.19,57.53,16.41
"2021-11-02",109.37,2.23,57.53,16.03
"2021-11-03",109.2,2.2,55.34,15.1
"2021-11-04",109.99,2.2,54.92,15.44
"2021-11-05",110.82,2.16,56.55,16.48
"2021-11-08",110.72,2.07,57.09,17.22
"2021-11-09",110.92,2.12,57.97,17.78
"2021-11-10",109.3,2.09,56.32,18.73
"2021-11-11",109.3,2.09,56.22,17.66
"2021-11-12",109.58,2.1,55.98,16.29
"2021-11-15",109.29,2.12,56.07,16.49
"2021-11-16",109.04,2.14,56.2,16.37
"2021-11-17",109.16,2.18,55,17.11
"2021-11-18",109.44,2.18,55.55,17.59
"2021-11-19",109.41,2.22,53.78,17.91
"2021-11-22",108.28,2.17,54.45,19.17
"2021-11-23",107.6,2.28,56.2,19.38
"2021-11-24",107.77,2.3,55.88,18.58
"2021-11-26",106.57,2.58,49.63,28.62
"2021-11-29",107.49,2.49,50.17,22.96
"2021-11-30",107.47,2.63,47.91,27.19
"2021-12-01",107.86,2.54,47.04,31.12
"2021-12-02",108.5,2.51,48.29,27.95
"2021-12-03",108.64,2.53,48,30.67
"2021-12-06",108.74,2.4,50.51,27.18
"2021-12-07",109.32,2.18,51.59,21.89
"2021-12-08",109.16,2.23,52.42,19.9
"2021-12-09",109.09,2.27,51.02,21.58
"2021-12-10",109.11,2.29,52.03,18.69
"2021-12-13",109.56,2.33,51.44,20.31
"2021-12-14",109.28,2.35,50.92,21.89
"2021-12-15",108.93,2.33,51.62,19.29
"2021-12-16",108.67,2.33,51.87,20.57
"2021-12-17",108.48,2.35,50.78,21.57
"2021-12-20",107.9,2.4,49.9,22.87
"2021-12-21",108.22,2.25,51.57,21.01
"2021-12-22",108.34,2.22,52.48,18.63
"2021-12-23",108.5,2.14,53.13,17.96
"2021-12-27",108.9,2.08,54.52,17.68
"2021-12-28",108.8,2.07,54.67,17.54
"2021-12-29",108.69,2.07,55.08,16.95
"2021-12-30",109.19,2.11,55.1,17.33
"2021-12-31",109.06,2.11,54.36,17.22
"2022-01-03",107.98,2.06,54.83,16.6
"2022-01-04",107.92,2.1,55.59,16.91
"2022-01-05",106.89,2.1,55.43,19.73
"2022-01-06",106.79,2.16,56.89,19.61
"2022-01-07",106.58,2.22,56.67,18.76
"2022-01-10",106.22,2.27,56.16,19.4
"2022-01-11",106.44,2.22,58.16,18.41
"2022-01-12",106.22,2.12,58.91,17.62
"2022-01-13",105.86,2.16,58.27,20.31
"2022-01-14",104.93,2.16,59.97,19.19
"2022-01-18",103.96,2.18,60.97,22.79
"2022-01-19",104.66,2.19,61.05,23.85
"2022-01-20",105.03,2.19,60.66,25.59
"2022-01-21",105.59,2.36,60.78,28.85
"2022-01-24",104.88,2.49,60.11,29.9
"2022-01-25",105.04,2.43,60.97,31.16
"2022-01-26",104.49,2.31,61.68,31.96
"2022-01-27",105.08,2.52,61.86,30.49
"2022-01-28",105.41,2.64,61.97,27.66
"2022-01-31",105.38,2.66,62.48,24.83
"2022-02-01",105.28,2.55,62.53,21.96
"2022-02-02",105.76,2.5,62.52,22.09
"2022-02-03",104.85,2.54,63.51,24.35
"2022-02-04",104.35,2.59,64.91,23.22
"2022-02-07",104.23,2.63,64.68,22.86
"2022-02-08",103.96,2.58,63.62,21.44
"2022-02-09",104.33,2.51,64.17,19.96
"2022-02-10",102.96,2.5,63.96,23.91
"2022-02-11",102.36,2.71,65.74,27.36
"2022-02-14",102.75,2.79,66.36,28.33
"2022-02-15",103.14,2.72,64.28,25.7
"2022-02-16",103.44,2.73,63.54,24.29
"2022-02-17",102.96,2.78,64.17,28.11
"2022-02-18",103,2.81,64.74,27.75
"2022-02-22",101.7,2.79,65.54,28.81
"2022-02-23",99.99,2.75,66.24,31.02
"2022-02-24",98.98,2.93,66.34,30.32
"2022-02-25",100.17,2.65,65.8,27.59
"2022-02-28",99.2,2.75,67.48,30.15
"2022-03-01",97.32,2.86,71.82,33.32
"2022-03-02",97.11,2.69,75.42,30.74
"2022-03-03",96.69,2.7,74.53,30.48
"2022-03-04",94.61,2.87,79.46,31.98
"2022-03-07",93.87,2.97,82.37,36.45
"2022-03-08",94.69,2.97,85.43,35.13
"2022-03-09",95.61,2.89,75.47,32.45
"2022-03-10",95.75,2.94,74.06,30.23
"2022-03-11",95.01,2.99,76.4,30.75
"2022-03-14",94.81,3.08,72.84,31.77
"2022-03-15",95.38,3.07,68.63,29.83
"2022-03-16",97.33,2.84,68.28,26.67
"2022-03-17",97.95,2.69,73.68,25.67
"2022-03-18",97.55,2.7,74.64,23.87
"2022-03-21",95.84,2.57,79.54,23.53
"2022-03-22",95.67,2.61,78.56,22.94
"2022-03-23",95.75,2.63,81.95,23.57
"2022-03-24",96.13,2.59,79.75,21.67
"2022-03-25",95.91,2.45,80.74,20.81
"2022-03-28",96.84,2.48,74.53,19.63
"2022-03-29",97.79,2.35,76.15,18.9
"2022-03-30",97.86,2.3,77.91,19.33
"2022-03-31",97.76,2.37,74.12,20.56
"2022-04-01",97.73,2.33,74.17,19.63
"2022-04-04",98.11,2.26,76.86,18.57
"2022-04-05",96.53,2.22,74.8,21.03
"2022-04-06",96.24,2.41,73.05,22.1
"2022-04-07",95.96,2.45,73.11,21.55
"2022-04-08",95.13,2.48,74.11,21.16
"2022-04-11",94,2.63,72.3,24.37
"2022-04-12",94.35,2.65,75.98,24.26
"2022-04-13",94.59,2.67,78.42,21.82
"2022-04-14",93.71,2.58,79.57,22.7
"2022-04-18",93.66,2.58,80.41,22.17
"2022-04-19",93.29,2.53,76.86,21.37
"2022-04-20",93.93,2.52,77.24,20.32
"2022-04-21",93.08,2.47,78.12,22.68
"2022-04-22",92.09,2.61,76.31,28.21
"2022-04-25",93.17,2.74,74.65,27.02
"2022-04-26",92.53,2.76,76.46,33.52
"2022-04-27",92.28,2.79,76.37,31.6
"2022-04-28",92.45,2.74,78.08,29.99
"2022-04-29",90.88,2.81,77.16,33.4
"2022-05-02",90.02,2.9,78.38,32.34
"2022-05-03",90.4,2.82,76.69,29.25
"2022-05-04",91.95,2.92,80.22,25.42
"2022-05-05",90.57,2.83,80.48,31.2
"2022-05-06",89.35,2.94,82.13,30.19
"2022-05-09",88.56,3.19,76.57,34.75
"2022-05-10",89,3.19,74.53,32.99
"2022-05-11",89.39,3.21,78.18,32.56
"2022-05-12",89.45,3.36,79.23,31.77
"2022-05-13",89.3,3.22,81.28,28.87
"2022-05-16",88.82,3.28,83.11,27.47
"2022-05-17",89.14,3.16,81.11,26.1
"2022-05-18",88.57,3.37,79.29,30.96
"2022-05-19",89.05,3.42,80.58,29.35
"2022-05-20",89.63,3.4,81.65,29.43
"2022-05-23",89.69,3.3,81.97,28.48
"2022-05-24",90.47,3.39,82,29.45
"2022-05-25",91.27,3.2,82.48,28.37
"2022-05-26",91.57,2.88,84.59,27.5
"2022-05-27",91.72,2.74,85.46,25.72
"2022-05-31",91.25,2.74,85.47,26.19
"2022-06-01",90.75,2.67,85.54,25.69
"2022-06-02",91.63,2.71,87.25,24.72
"2022-06-03",91.01,2.77,89.47,24.79
"2022-06-06",89.81,2.78,88.39,25.07
"2022-06-07",90.34,2.93,90.04,24.02
"2022-06-08",89.45,2.93,91.99,23.96
"2022-06-09",88.71,3.01,91.08,26.09
"2022-06-10",87.22,3.08,90.13,27.75
"2022-06-13",84.91,3.42,90.36,34.02
"2022-06-14",84.87,3.43,88.45,32.69
"2022-06-15",87.41,3.35,86.93,29.62
"2022-06-16",85.47,3.67,87.66,32.95
"2022-06-17",85.93,3.62,83.34,31.13
"2022-06-21",85.68,3.51,84.05,30.19
"2022-06-22",85.81,3.75,80.88,28.95
"2022-06-23",86.38,3.78,78.98,29.05
"2022-06-24",86.49,3.57,81.27,27.23
"2022-06-27",85.31,3.5,82.93,26.95
"2022-06-28",84.66,3.63,84.72,28.36
"2022-06-29",84.97,3.96,82.95,28.16
"2022-06-30",85.32,4.17,80.35,28.71
"2022-07-01",86.15,4.19,81.67,26.7
"2022-07-05",85.47,4.22,74.78,27.54
"2022-07-06",84.78,4.01,73.67,26.73
"2022-07-07",85.03,3.71,76.55,26.08
"2022-07-08",84.63,3.58,78.54,24.64
"2022-07-11",83.92,3.66,78.23,26.17
"2022-07-12",83.68,3.64,72.81,27.29
"2022-07-13",83.34,3.67,73.19,26.82
"2022-07-14",81.88,3.72,72.85,26.4
"2022-07-15",82.7,3.6,73.74,24.23
"2022-07-18",82.74,3.47,76.81,25.3
"2022-07-19",83.95,3.34,78.05,24.5
"2022-07-20",84.61,3.17,77.64,23.88
"2022-07-21",85.08,3.28,75.49,23.11
"2022-07-22",86.01,3.26,74.53,23.03
"2022-07-25",86.07,3.26,76.22,23.36
"2022-07-26",85.27,3.36,75.16,24.69
"2022-07-27",86.56,3.38,77.87,23.24
"2022-07-28",87.68,3.28,77.13,22.33
"2022-07-29",88.02,3.12,78.05,21.33
"2022-08-01",88.07,3.15,75.13,22.84
"2022-08-02",86.79,2.99,75.93,23.93
"2022-08-03",88.46,2.95,73.53,21.95
"2022-08-04",88.65,2.98,71.53,21.44
"2022-08-05",88.47,2.88,71.54,21.15
"2022-08-08",89.78,2.89,73.54,21.29
"2022-08-09",88.28,2.95,73.45,21.77
"2022-08-10",89.86,2.85,74.32,19.74
"2022-08-11",89.49,2.76,76.28,20.2
"2022-08-12",90.17,2.81,74.98,19.53
"2022-08-15",90,2.82,72.88,19.95
"2022-08-16",89.22,2.84,71.24,19.69
"2022-08-17",88.24,2.89,72.05,19.9
"2022-08-18",88.14,2.93,74.21,19.56
"2022-08-19",86.8,3,74.06,20.6
"2022-08-22",86.16,3.12,74.68,23.8
"2022-08-23",87.07,3.17,76.83,24.11
"2022-08-24",86.99,3.11,78.04,22.82
"2022-08-25",87.91,3.11,76.5,21.78
"2022-08-26",86.54,3.16,75.85,25.56
"2022-08-29",86.02,3.25,78.69,26.21
"2022-08-30",85.99,3.36,75.47,26.21
"2022-08-31",85.3,3.44,73.11,25.87
"2022-09-01",84.78,3.47,70.95,25.56
"2022-09-02",85.08,3.45,71.43,25.47
"2022-09-06",84.3,3.37,71.42,26.91
"2022-09-07",85.58,3.36,67.62,24.64
"2022-09-08",85.61,3.21,68.09,23.61
"2022-09-09",86.13,3.01,71.1,22.79
"2022-09-12",86.1,2.95,72.37,23.87
"2022-09-13",84.78,3.11,72.01,27.27
"2022-09-14",84.72,3.15,72.73,26.16
"2022-09-15",84.66,3.17,69.76,26.27
"2022-09-16",84.2,3.36,69.9,26.3
"2022-09-19",84.5,3.24,70.05,25.76
"2022-09-20",83.72,3.24,69.22,27.16
"2022-09-21",83.48,3.24,68.68,27.99
"2022-09-22",82.92,3.27,68.97,27.35
"2022-09-23",81.92,3.46,65.32,29.92
"2022-09-26",79.99,3.48,63.2,32.26
"2022-09-27",78.71,3.52,64.42,32.6
"2022-09-28",80.6,3.74,67.13,30.18
"2022-09-29",79.58,3.76,66.77,31.84
"2022-09-30",79.4,3.66,65.28,31.62
"2022-10-03",80.23,3.66,67.89,30.1
"2022-10-04",81.74,3.36,70.28,29.07
"2022-10-05",80.58,3.34,71.94,28.55
"2022-10-06",80.27,3.21,72.99,30.52
"2022-10-07",79.19,3.28,75.1,31.36
"2022-10-10",78.96,3.28,73.78,32.45
"2022-10-11",78.9,3.49,71.75,33.63
"2022-10-12",78.62,3.54,70.93,33.57
"2022-10-13",78.38,3.48,72.52,31.94
"2022-10-14",77.8,3.39,70.17,32.02
"2022-10-17",78.23,3.3,70.13,31.37
"2022-10-18",79.06,3.22,68.7,30.5
"2022-10-19",77.88,3.23,70.04,30.76
"2022-10-20",77.09,3.16,70.18,29.98
"2022-10-21",77.94,3.26,70.57,29.69
"2022-10-24",77.89,3.17,70.38,29.85
"2022-10-25",79.24,3.14,70.61,28.46
"2022-10-26",79.76,3.07,72.97,27.28
"2022-10-27",79.94,3.04,73.62,27.39
"2022-10-28",80.14,2.85,72.82,25.75
"2022-10-31",78.9,2.95,71.53,25.88
"2022-11-01",80.03,2.93,73.12,25.81
"2022-11-02",79.42,2.94,74.08,25.86
"2022-11-03",79.14,3.12,73.29,25.3
"2022-11-04",80.41,3.08,76.82,24.55
"2022-11-07",80.38,3,76.56,24.35
"2022-11-08",80.94,3.09,74.47,25.54
"2022-11-09",79.85,3.26,71.67,26.09
"2022-11-10",83.52,3.11,72.24,23.53
"2022-11-11",83.5,3.11,74.38,22.52
"2022-11-14",82.79,3,71.91,23.73
"2022-11-15",84.35,3,73.25,24.54
"2022-11-16",84.35,3.07,72.04,24.11
"2022-11-17",83.59,3.1,70.14,23.93
"2022-11-18",83.59,3,69.03,23.12
"2022-11-21",83.6,2.97,69.03,22.36
"2022-11-22",84.47,2.91,69.98,21.29
"2022-11-23",85.02,2.85,67.41,20.35
"2022-11-25",85.41,2.87,66.96,20.5
"2022-11-28",85.07,2.96,66.88,22.21
"2022-11-29",85.46,2.97,68.34,21.89
"2022-11-30",86.43,2.97,70.23,20.58
"2022-12-01",87.8,2.92,70.45,19.84
"2022-12-02",87.43,2.94,69.84,19.06
"2022-12-05",86.09,2.85,67.72,20.75
"2022-12-06",85.62,2.98,65.23,22.17
"2022-12-07",86.86,3.08,63.65,22.68
"2022-12-08",86.7,2.93,62.71,22.29
"2022-12-09",86.1,2.84,62.85,22.83
"2022-12-12",86.42,2.78,64.41,25
"2022-12-13",87.25,2.74,65.86,22.55
"2022-12-14",87.12,2.77,67.36,21.14
"2022-12-15",86.32,2.93,66.15,22.83
"2022-12-16",85.87,3.03,64.9,22.62
"2022-12-19",85.4,3.04,66.07,22.42
"2022-12-20",84.97,3.03,66.22,21.48
"2022-12-21",86.08,2.92,68.06,20.07
"2022-12-22",85.64,2.97,67.7,21.97
"2022-12-23",85.18,2.94,69.32,20.87
"2022-12-27",84.67,2.9,69.53,21.65
"2022-12-28",84.36,3.09,68.58,22.14
"2022-12-29",85.01,3.12,68.53,21.44
"2022-12-30",84.59,3.09,70.11,21.67
"2023-01-03",84.96,3,67.64,22.9
"2023-01-04",86,2.94,64.3,22.01
"2023-01-05",85.22,2.93,64.78,22.46
"2023-01-06",86.73,2.86,64.83,21.13
"2023-01-09",86.56,2.78,65.88,21.97
"2023-01-10",86.02,2.75,65.9,20.58
"2023-01-11",87,2.73,68.05,21.09
"2023-01-12",88.03,2.74,68.61,18.83
"2023-01-13",87.82,2.67,70.05,18.35
"2023-01-17",87.91,2.66,70.86,19.36
"2023-01-18",88.95,2.74,69.51,20.34
"2023-01-19",88.7,2.84,70.59,20.52
"2023-01-20",88.5,2.81,71.55,19.85
"2023-01-23",88.45,2.73,71.5,19.81
"2023-01-24",88.84,2.8,70.22,19.2
"2023-01-25",88.78,2.82,70.51,19.08
"2023-01-26",88.78,2.73,70.93,18.73
"2023-01-27",88.61,2.73,69.5,18.51
"2023-01-30",87.48,2.75,68.1,19.94
"2023-01-31",87.91,2.8,69.32,19.4
"2023-02-01",89.26,2.83,67.36,17.87
"2023-02-02",89.55,2.5,66.57,18.73
"2023-02-03",88.32,2.52,64.4,18.33
"2023-02-06",87.07,2.56,65.5,19.43
"2023-02-07",87.15,2.57,67.76,18.66
"2023-02-08",87.1,2.65,68.68,19.63
"2023-02-09",86.53,2.64,67.92,20.71
"2023-02-10",85.86,2.82,69.87,20.53
"2023-02-13",86.1,2.82,69.5,20.34
"2023-02-14",86.15,2.76,69.4,18.91
"2023-02-15",85.9,2.78,69.02,18.23
"2023-02-16",85.34,2.85,68.45,20.17
"2023-02-17",85.37,2.97,67.02,20.02
"2023-02-21",84.08,3.04,66.69,22.87
"2023-02-22",84.41,2.96,64.92,22.29
"2023-02-23",85.76,2.88,66.38,21.14
"2023-02-24",85.17,2.84,67.1,21.67
"2023-02-27",85.6,2.8,66.25,20.95
"2023-02-28",85.24,2.82,67.21,20.7
"2023-03-01",84.3,2.78,68.07,20.58
"2023-03-02",83.99,2.79,68.3,19.59
"2023-03-03",85.28,2.68,69.86,18.49
"2023-03-06",84.7,2.61,70.49,18.61
"2023-03-07",84.35,2.62,67.85,19.59
"2023-03-08",84.19,2.72,67.1,19.11
"2023-03-09",84.21,2.89,66.24,22.61
"2023-03-10",84.76,3.19,67.14,24.8
"2023-03-13",84.62,3.54,65.25,26.52
"2023-03-14",84.63,3.27,62.93,23.73
"2023-03-15",84.94,3.66,60.02,26.14
"2023-03-16",84.34,3.39,60.05,22.99
"2023-03-17",84.2,3.61,58.66,25.51
"2023-03-20",83.97,3.56,59.79,24.15
"2023-03-21",84.81,3.28,61.23,21.38
"2023-03-22",85.55,3.43,61.61,22.26
"2023-03-23",85.86,3.52,60.99,22.61
"2023-03-24",85.39,3.61,60.96,21.74
"2023-03-27",85.03,3.42,64.15,20.6
"2023-03-28",84.49,3.4,64.55,19.97
"2023-03-29",84.9,3.24,64.15,19.12
"2023-03-30",85.73,3.16,65.32,19.02
"2023-03-31",86.03,2.88,66.44,18.7
"2023-04-03",86.24,2.91,70.27,18.55
"2023-04-04",86.36,3.03,70.27,19
"2023-04-05",85.93,3.12,70.24,19.08
"2023-04-06",85.84,3.1,70.26,18.4
"2023-04-10",85.64,2.97,69.76,18.97
"2023-04-11",85.49,2.9,71.07,19.1
"2023-04-12",85.73,2.92,72.43,19.09
"2023-04-13",85.82,2.81,71.8,17.8
"2023-04-14",85.89,2.77,72.09,17.07
"2023-04-17",85.34,2.76,70.84,16.95
"2023-04-18",85.08,2.73,70.73,16.83
"2023-04-19",84.91,2.77,69.3,16.46
"2023-04-20",84.57,2.89,67.6,17.17
"2023-04-21",84.82,2.83,68.21,16.77
"2023-04-24",84.81,2.84,69.25,16.89
"2023-04-25",85.57,3,67.62,18.76
"2023-04-26",85.34,2.99,65.36,18.84
"2023-04-27",85.12,2.85,65.81,17.03
"2023-04-28",85.9,2.87,67.5,15.78
"2023-05-01",84.71,2.85,66.55,16.08
"2023-05-02",85.07,3.1,63.05,17.78
"2023-05-03",85.34,3.18,60.31,18.34
"2023-05-04",84.91,3.33,60.7,20.09
"2023-05-05",85.15,3.16,63.03,17.19
"2023-05-08",84.81,3.11,64.26,16.98
"2023-05-09",84.77,3.12,64.87,17.71
"2023-05-10",85.24,3.18,64.39,16.94
"2023-05-11",85.75,3.21,63.25,16.93
"2023-05-12",85.21,3.16,62.07,17.03
"2023-05-15",84.84,3.17,62.99,17.12
"2023-05-16",84.51,3.2,62.54,17.99
"2023-05-17",84.52,3.14,64.6,16.87
"2023-05-18",84.18,3.09,64.04,16.05
"2023-05-19",84.17,3.03,63.9,16.81
"2023-05-22",84.16,2.96,63.91,17.21
"2023-05-23",84.26,3,64.87,18.53
"2023-05-24",84.12,3.07,65.66,20.03
"2023-05-25",83.9,2.99,64.09,19.14
"2023-05-26",84.01,2.95,64.8,17.95
"2023-05-30",84.89,3,62.3,17.46
"2023-05-31",84.54,3.1,60.63,17.94
"2023-06-01",84.99,3.06,62.55,15.65
"2023-06-02",84.62,2.81,64.15,14.6
"2023-06-05",85.14,2.84,64.03,14.73
"2023-06-06",85.29,2.85,63.79,13.96
"2023-06-07",84.55,2.81,64.71,13.94
"2023-06-08",85.27,2.88,63.46,13.65
"2023-06-09",84.93,2.79,62.93,13.83
"2023-06-12",85.64,2.85,60.24,15.01
"2023-06-13",85.51,2.72,62.14,14.61
"2023-06-14",85.69,2.73,61.83,13.88
"2023-06-15",86.13,2.76,63.41,14.5
"2023-06-16",85.79,2.7,64.35,13.54
"2023-06-20",85.83,2.77,63.92,13.88
"2023-06-21",86.28,2.85,65.04,13.2
"2023-06-22",85.71,2.82,62.52,12.91
"2023-06-23",85.8,2.91,62.42,13.44
"2023-06-26",86.07,2.95,62.73,14.25
"2023-06-27",86.07,2.81,61.3,13.74
"2023-06-28",86.13,2.8,62.52,13.43
"2023-06-29",85.68,2.69,62.96,13.54
"2023-06-30",86.29,2.64,63.55,13.59
"2023-07-03",86.11,2.59,63.39,13.57
"2023-07-05",85.68,2.61,64.63,14.18
"2023-07-06",84.45,2.69,64.44,15.44
"2023-07-07",84.35,2.66,65.85,14.83
"2023-07-10",84.95,2.71,65.54,15.07
"2023-07-11",85.25,2.64,67.03,14.84
"2023-07-12",86.51,2.54,67.87,13.54
"2023-07-13",87.45,2.58,69.09,13.61
"2023-07-14",86.69,2.52,67.47,13.34
"2023-07-17",87.07,2.56,66.58,13.48
"2023-07-18",87.5,2.5,67.96,13.3
"2023-07-19",87.01,2.5,67.69,13.76
"2023-07-20",86.73,2.52,68.05,13.99
"2023-07-21",86.75,2.51,68.99,13.6
"2023-07-24",86.92,2.45,70.69,13.91
"2023-07-25",87.06,2.48,71.16,13.86
"2023-07-26",87.34,2.54,70.66,13.19
"2023-07-27",86.26,2.42,71.43,14.41
"2023-07-28",87.56,2.47,72.09,13.33
"2023-07-31",87.68,2.45,73.17,13.63
"2023-08-01",86.46,2.47,72.96,13.93
"2023-08-02",85.84,2.58,71.48,16.09
"2023-08-03",84.87,2.6,73.14,15.92
"2023-08-04",86.24,2.64,73.79,17.1
"2023-08-07",85.72,2.61,73.82,15.77
"2023-08-08",85.93,2.66,74.06,15.99
"2023-08-09",86.36,2.61,75.1,15.96
"2023-08-10",86.03,2.5,74.2,15.85
"2023-08-11",85.59,2.51,74.25,14.84
"2023-08-14",84.9,2.5,73.81,14.82
"2023-08-15",84.42,2.55,72.62,16.46
"2023-08-16",84.26,2.51,71.37,16.78
"2023-08-17",84.19,2.64,71.98,17.89
"2023-08-18",84.17,2.7,72.79,17.3
"2023-08-21",83.75,2.66,72.58,17.13
"2023-08-22",83.98,2.62,72.28,16.97
"2023-08-23",85.33,2.62,71.36,15.98
"2023-08-24",84.51,2.61,71.41,17.2
"2023-08-25",84.88,2.6,72.45,15.68
"2023-08-28",84.91,2.57,72.41,15.08
"2023-08-29",85.78,2.59,73.32,14.45
"2023-08-30",85.56,2.52,73.66,13.88
"2023-08-31",85.48,2.56,75.06,13.57
"2023-09-01",84.91,2.51,76.92,13.09
"2023-09-05",84.08,2.54,77.76,14.01
"2023-09-06",83.95,2.56,78.52,14.45
"2023-09-07",84.4,2.6,77.95,14.4
"2023-09-08",84.47,2.56,78.3,13.84
"2023-09-11",84.34,2.54,78.37,13.8
"2023-09-12",84.4,2.56,79.7,14.23
"2023-09-13",84.45,2.58,79.68,13.48
"2023-09-14",84.48,2.52,81.12,12.82
"2023-09-15",84.44,2.55,81.29,13.79
"2023-09-18",84.49,2.58,81.45,14
"2023-09-19",84.39,2.58,81.5,14.11
"2023-09-20",84.32,2.54,80.14,15.14
"2023-09-21",83.47,2.63,80.41,17.54
"2023-09-22",83.81,2.67,80.63,17.2
"2023-09-25",83.33,2.69,80.39,16.9
"2023-09-26",82.78,2.76,80.88,18.94
"2023-09-27",82.19,2.73,82.9,18.22
"2023-09-28",82.61,2.8,81.57,17.34
"2023-09-29",82.52,2.74,80.86,17.52
"2023-10-02",81.27,2.81,79.39,17.61
"2023-10-03",80.36,2.92,79.93,19.78
"2023-10-04",80.74,3.02,75.59,18.58
"2023-10-05",80.48,3.03,73.99,18.49
"2023-10-06",80.74,2.97,74.16,17.45
"2023-10-09",80.91,2.97,77.13,17.7
"2023-10-10",81.04,2.91,76.71,17.03
"2023-10-11",81.7,2.9,75.67,16.09
"2023-10-12",81.07,2.89,75.42,16.69
"2023-10-13",81.07,2.93,78.99,19.32
"2023-10-16",81.21,2.92,78.39,17.21
"2023-10-17",80.82,2.88,78.8,17.88
"2023-10-18",80.3,2.94,79.84,19.22
"2023-10-19",79.71,2.98,81.68,21.4
"2023-10-20",80.15,3.11,80.7,21.71
"2023-10-23",80.38,3.1,78.89,20.37
"2023-10-24",81.25,3,76.93,18.97
"2023-10-25",80.64,2.96,78.46,20.19
"2023-10-26",80.73,3.06,76.89,20.68
"2023-10-27",80.77,3.08,78.36,21.27
"2023-10-30",81.21,3.03,76.05,19.75
"2023-10-31",80.96,2.92,75.02,18.14
"2023-11-01",81.66,2.93,74.75,16.87
"2023-11-02",82.47,2.66,76.18,15.66
"2023-11-03",83.28,2.56,74.85,14.91
"2023-11-06",82.83,2.52,74.91,14.89
"2023-11-07",83.11,2.61,71.8,14.81
"2023-11-08",83.27,2.62,70.19,14.45
"2023-11-09",82.42,2.57,70.25,15.29
"2023-11-10",82.54,2.56,71.79,14.17
"2023-11-13",82.34,2.57,72.92,14.76
"2023-11-14",83.53,2.49,72.69,14.16
"2023-11-15",83.25,2.48,71.34,14.18
"2023-11-16",83.7,2.59,68.05,14.32
"2023-11-17",84.21,2.56,70.75,13.8
"2023-11-20",84.74,2.51,72.3,13.41
"2023-11-21",84.5,2.53,72.53,13.35
"2023-11-22",84.92,2.48,71.61,12.85
"2023-11-24",84.75,2.43,70.82,12.46
"2023-11-27",85.36,2.48,69.96,12.69
"2023-11-28",85.8,2.48,71.26,12.69
"2023-11-29",86.23,2.39,72.52,12.98
"2023-11-30",85.63,2.36,70.14,12.92
"2023-12-01",86.85,2.4,69.24,12.63
"2023-12-04",86,2.34,68.47,13.08
"2023-12-05",86.5,2.34,67.58,12.85
"2023-12-06",86.98,2.34,64.76,12.97
"2023-12-07",87.14,2.32,65.11,13.06
"2023-12-08",86.59,2.31,66.53,12.35
"2023-12-11",86.7,2.34,66.8,12.63
"2023-12-12",86.63,2.33,64.25,12.07
"2023-12-13",88.07,2.37,65.33,12.19
"2023-12-14",88.87,2.1,67.16,12.48
"2023-12-15",88.75,2.14,67.15,12.28
"2023-12-18",88.77,2.15,68.09,12.56
"2023-12-19",88.99,2.11,69.36,12.53
"2023-12-20",89,2.11,68.79,13.67
"2023-12-21",89.16,2.1,69.03,13.65
"2023-12-22",89.04,2.07,68.69,13.03
"2023-12-26",89.11,2.06,70.21,12.99
"2023-12-27",89.68,2.04,68.92,12.43
"2023-12-28",89.43,2.02,67.18,12.47
"2023-12-29",88.81,2.04,66.65,12.45
"2024-01-02",88.18,2.17,65.77,13.2
"2024-01-03",87.59,2.31,68.19,14.04
"2024-01-04",87.19,2.28,67.57,14.13
"2024-01-05",86.92,2.27,69.03,13.35
"2024-01-08",87.28,2.23,66.4,13.08
"2024-01-09",86.69,2.19,67.39,12.76
"2024-01-10",87.56,2.11,66.56,12.69
"2024-01-11",88.35,2.17,67.65,12.44
"2024-01-12",88.51,2.17,68.02,12.7
"2024-01-16",87.69,2.19,67.25,13.84
"2024-01-17",87.11,2.21,67.94,14.79
"2024-01-18",87.45,2.18,69.06,14.13
"2024-01-19",87.49,2.16,68.82,13.3
"2024-01-22",87.55,2.11,69.69,13.19
"2024-01-23",86.85,2.14,69.66,12.55
"2024-01-24",86.61,2.08,70.54,13.14
"2024-01-25",87.23,2.09,72.23,13.45
"2024-01-26",87.36,2.04,73.1,13.26
"2024-01-29",87.69,2.07,72.05,13.6
"2024-01-30",87.89,2.08,72.81,13.31
"2024-01-31",87.98,2.22,70.92,14.35
"2024-02-01",88.35,2.19,69.07,13.88
"2024-02-02",87.64,2.11,67.51,13.85
"2024-02-05",86.65,2.12,68.18,13.67
"2024-02-06",87.44,2.15,68.81,13.06
"2024-02-07",87.32,2.07,69.42,12.83
"2024-02-08",87.46,2.04,71.52,12.79
"2024-02-09",87.49,2,71.67,12.93
"2024-02-12",87.32,2.01,72.11,13.93
"2024-02-13",86.49,2.01,72.65,15.85
"2024-02-14",87.08,2.03,71.55,14.38
"2024-02-15",87.79,2.01,72.84,14.01
"2024-02-16",87.19,1.99,73.41,14.24
"2024-02-20",87.18,2.03,72.42,15.42
"2024-02-21",86.86,1.98,73.2,15.34
"2024-02-22",87.41,1.89,73.6,14.54
"2024-02-23",88.15,1.93,71.92,13.75
"2024-02-26",87.65,1.95,72.79,13.74
"2024-02-27",87.82,1.98,73.85,13.43
"2024-02-28",87.75,2.04,73.62,13.84
"2024-02-29",88.3,2.03,73.36,13.4
"2024-03-01",88.18,2.07,74.96,13.11
"2024-03-04",88.1,2.02,74.01,13.49
"2024-03-05",88.29,2.07,73.45,14.46
"2024-03-06",88.87,2.04,74.34,14.5
"2024-03-07",88.86,2.04,74.23,14.44
"2024-03-08",88.96,2.04,73.36,14.74
"2024-03-11",88.82,2.04,73.62,15.22
"2024-03-12",88.7,1.99,73.35,13.84
"2024-03-13",88.79,1.94,75.09,13.75
"2024-03-14",88.59,1.94,76.3,14.4
"2024-03-15",88.31,1.94,76.33,14.41
"2024-03-18",88.36,1.91,77.98,14.33
"2024-03-19",88.77,1.89,78.43,13.82
"2024-03-20",89.19,1.91,77.25,13.04
"2024-03-21",89.5,1.81,76.82,12.92
"2024-03-22",89.79,1.85,76.68,13.06
"2024-03-25",89.72,1.87,77.76,13.19
"2024-03-26",89.71,1.9,77.29,13.24
"2024-03-27",89.82,1.9,77.51,12.78
"2024-03-28",89.41,1.87,78.73,13.01
"2024-04-01",88.67,1.86,79.67,13.65
"2024-04-02",88.71,1.94,80.79,14.61
"2024-04-03",89.15,1.94,81.25,14.33
"2024-04-04",89.11,1.96,82.27,16.35
"2024-04-05",89.25,1.89,82.4,16.03
"2024-04-08",89.28,1.86,82.2,15.19
"2024-04-09",89.88,1.87,81.15,14.98
"2024-04-10",88.21,1.82,82.09,15.8
"2024-04-11",88.2,1.88,81.55,14.91
"2024-04-12",87.95,1.96,81.53,17.31
"2024-04-15",86.68,1.99,81.65,19.23
"2024-04-16",86.41,2.04,81.33,18.4
"2024-04-17",87.34,2.1,78.91,18.21
"2024-04-18",87.02,2.07,78.78,18
"2024-04-19",87.52,2.05,78.85,18.71
"2024-04-22",87.99,1.97,78.78,16.94
"2024-04-23",87.86,1.9,79.98,15.69
"2024-04-24",87.23,1.9,79.64,15.97
"2024-04-25",87.23,1.93,80.44,15.37
"2024-04-26",87.36,1.86,80.39,15.03
"2024-04-29",87.79,1.84,79.5,14.67
"2024-04-30",86.9,1.89,78.38,15.65
"2024-05-01",87.15,1.91,75.93,15.39
"2024-05-02",87.61,1.88,75.93,14.68
"2024-05-03",88.58,1.81,75.13,13.49
"2024-05-06",88.58,1.77,75.66,13.49
"2024-05-07",88.9,1.78,75.5,13.23
"2024-05-08",88.32,1.81,76.11,13
"2024-05-09",88.87,1.85,76.52,12.69
"2024-05-10",88.41,1.83,75.3,12.55
"2024-05-13",88.75,1.85,76.13,13.6
"2024-05-14",88.95,1.87,75.21,13.42
"2024-05-15",89.88,1.86,75.88,12.45
"2024-05-16",89.58,1.81,76.25,12.42
"2024-05-17",89.16,1.81,76.97,11.99
"2024-05-20",89.17,1.79,76.73,12.15
"2024-05-21",89.23,1.79,76.16,11.86
"2024-05-22",89.2,1.82,74.87,12.29
"2024-05-23",88.59,1.82,74.45,12.77
"2024-05-24",88.69,1.83,75.35,11.93
"2024-05-28",88.41,1.8,77.66,12.92
"2024-05-29",88.09,1.84,76.57,14.28
"2024-05-30",88.37,1.89,75.53,14.47
"2024-05-31",88.8,1.89,74.82,12.92
"2024-06-03",88.84,1.87,71.83,13.11
"2024-06-04",88.9,1.9,71.09,13.16
"2024-06-05",89.14,1.89,71.89,12.63
"2024-06-06",88.93,1.9,73.26,12.58
"2024-06-07",88.23,1.84,73.02,12.22
"2024-06-10",88.21,1.85,75.46,12.74
"2024-06-11",88.55,1.89,75.51,12.85
"2024-06-12",89.15,1.82,75.98,12.04
"2024-06-13",89.39,1.91,75.74,11.94
"2024-06-14",89.28,1.99,76.08,12.66
"2024-06-17",89.01,1.95,77.79,12.75
"2024-06-18",89.6,1.94,78.67,12.3
"2024-06-20",89.27,1.92,79.41,13.28
"2024-06-21",89.38,1.9,78.65,13.2
"2024-06-24",89.42,1.87,79.7,13.33
"2024-06-25",89.41,1.87,78.9,12.84
"2024-06-26",88.86,1.85,78.75,12.55
"2024-06-27",89.19,1.88,79.92,12.24
"2024-06-28",88.48,1.84,79.59,12.44
"2024-07-01",87.75,1.85,81.54,12.22
"2024-07-02",87.93,1.87,81.11,12.03
"2024-07-03",88.62,1.9,81.27,12.09
"2024-07-05",89.45,1.92,81.31,12.48
"2024-07-08",89.18,1.85,80.42,12.37
"2024-07-09",88.9,1.86,79.77,12.51
"2024-07-10",89.57,1.83,80.48,12.85
"2024-07-11",90.09,1.85,80.94,12.92
"2024-07-12",90,1.85,80.25,12.46
"2024-07-15",89.89,1.8,80.12,13.12
"2024-07-16",90.03,1.77,79.06,13.19
"2024-07-17",89.97,1.76,80.62,14.48
"2024-07-18",89.5,1.76,79.9,15.93
"2024-07-19",89.26,1.75,78,16.52
"2024-07-22",89.4,1.72,77.62,14.91
"2024-07-23",89.69,1.7,76.62,14.72
"2024-07-24",89.11,1.77,76.81,18.04
"2024-07-25",89.01,1.76,77.46,18.46
"2024-07-26",89.76,1.77,76.11,16.39
"2024-07-29",89.91,1.81,75.19,16.6
"2024-07-30",89.77,1.89,74.46,17.69
"2024-07-31",90.19,1.94,77.74,16.36
"2024-08-01",89.75,2.03,76.29,18.59
"2024-08-02",90.35,2.35,73.39,23.39
"2024-08-05",89.43,2.49,73.22,38.57
"2024-08-06",89.14,2.27,72.45,27.71
"2024-08-07",89.32,2.18,74.69,27.85
"2024-08-08",90,2.1,75.36,23.79
"2024-08-09",90.14,2.12,76.22,20.37
"2024-08-12",90.5,2.17,78.63,20.71
"2024-08-13",90.99,2.18,77.64,18.12
"2024-08-14",91.19,2.11,76.59,16.19
"2024-08-15",90.9,1.96,77.41,15.23
"2024-08-16",91.27,1.95,76.32,14.8
"2024-08-19",91.81,1.88,74.38,14.65
"2024-08-20",91.77,1.92,73.83,15.88
"2024-08-21",92.3,1.94,72.6,16.27
"2024-08-22",91.53,1.88,73.58,17.55
"2024-08-23",92.26,1.88,75.55,15.86
"2024-08-26",92.33,1.84,77.83,16.15
"2024-08-27",92.21,1.86,76.49,15.43
"2024-08-28",91.8,1.88,75.48,17.11
"2024-08-29",91.76,1.83,76.77,15.65
"2024-08-30",91.84,1.82,74.34,15
"2024-09-03",91.11,1.95,71.09,20.72
"2024-09-04",91.78,2,69.61,21.32
"2024-09-05",91.87,1.98,69.89,19.9
"2024-09-06",91.66,2.06,68.93,22.38
"2024-09-09",92.17,2.04,69.27,19.45
"2024-09-10",92.24,2.14,66.96,19.08
"2024-09-11",92.48,2.12,67.85,17.69
"2024-09-12",92.63,2.07,69.89,17.07
"2024-09-13",93.05,2.05,69.84,16.56
"2024-09-16",93.62,2.03,70.88,17.14
"2024-09-17",93.6,1.97,71.72,17.61
"2024-09-18",93.33,1.93,70.66,18.23
"2024-09-19",93.74,1.86,72.75,16.33
"2024-09-20",93.29,1.91,72.92,16.15
"2024-09-23",93.29,1.9,72.25,15.89
"2024-09-24",93.41,1.95,73.29,15.39
"2024-09-25",92.86,1.92,71.48,15.41
"2024-09-26",92.99,1.88,69.01,15.37
"2024-09-27",93.42,1.91,70.27,16.96
"2024-09-30",93.58,1.89,69.92,16.73
"2024-10-01",93.19,1.93,72.11,19.26
"2024-10-02",92.98,1.92,72.76,18.9
"2024-10-03",92.6,1.89,75.73,20.49
"2024-10-04",92.51,1.76,76.35,19.21
"2024-10-07",91.83,1.81,79.2,22.64
"2024-10-08",91.98,1.85,75.79,21.42
"2024-10-09",91.83,1.81,75.25,20.86
"2024-10-10",91.94,1.85,77.77,20.93
"2024-10-11",92.06,1.84,77.49,20.46
"2024-10-14",92.25,1.83,75.93,19.7
"2024-10-15",92.24,1.8,72.76,20.64
"2024-10-16",92.73,1.79,72.4,19.58
"2024-10-17",91.88,1.78,72.62,19.11
"2024-10-18",92.09,1.78,71.38,18.03
"2024-10-21",91.18,1.78,72.26,18.37
"2024-10-22",91.23,1.83,73.98,18.2
"2024-10-23",90.63,1.85,73.55,19.24
"2024-10-24",91,1.83,73.06,19.08
"2024-10-25",91.26,1.79,74.23,20.33
"2024-10-28",91.09,1.72,70.43,19.8
"2024-10-29",91.56,1.76,69.66,19.34
"2024-10-30",91.46,1.71,71.36,20.35
"2024-10-31",90.66,1.8,73.08,23.16
"2024-11-01",89.88,1.75,72.02,21.88
"2024-11-04",90.27,1.79,74.29,21.98
"2024-11-05",90.55,1.78,74.73,20.49
"2024-11-06",90.26,1.68,74.54,16.27
"2024-11-07",91.25,1.69,74.66,15.2
"2024-11-08",91.5,1.58,73.13,14.94
"2024-11-11",91.31,1.58,70.94,14.97
"2024-11-12",90.6,1.57,70.69,14.71
"2024-11-13",90.73,1.59,70.73,14.02
"2024-11-14",90.5,1.57,71.29,14.31
"2024-11-15",90.37,1.68,69.75,16.14
"2024-11-18",90.48,1.69,72.07,15.58
"2024-11-19",90.91,1.65,72.31,16.35
"2024-11-20",90.92,1.63,72.02,17.16
"2024-11-21",90.96,1.58,73.2,16.87
"2024-11-22",90.85,1.58,74.25,15.24
"2024-11-25",91.7,1.61,72.1,14.6
"2024-11-26",91.57,1.64,71.61,14.1
"2024-11-27",91.89,1.65,71.72,14.1
"2024-11-29",92.15,1.67,71.61,13.51
"2024-12-02",91.4,1.63,71.04,13.34
"2024-12-03",91.42,1.6,73.04,13.3
"2024-12-04",92.02,1.61,71.88,13.45
"2024-12-05",92.14,1.61,71.47,13.54
"2024-12-06",92.45,1.62,70.24,12.77
"2024-12-09",91.98,1.62,71.17,14.19
"2024-12-10",92.09,1.63,71.4,14.18
"2024-12-11",92.04,1.61,73.33,13.58
"2024-12-12",91.56,1.63,73.21,13.92
"2024-12-13",91.09,1.65,74.21,13.81
"2024-12-16",90.91,1.65,73.7,14.69
"2024-12-17",90.86,1.71,73.3,15.87
"2024-12-18",89.33,1.69,72.94,27.62
"2024-12-19",88.69,1.86,72.61,24.09
"2024-12-20",89.56,1.82,73.1,18.36
"2024-12-23",89.08,1.81,73.06,16.78
"2024-12-24",89.47,1.82,73.65,14.27
"2024-12-26",89.38,1.83,73.13,14.73
"2024-12-27",89.3,1.8,73.85,15.95
"2024-12-30",89.21,1.9,74.82,17.4
"2024-12-31",89.04,1.86,75.55,17.35
"2025-01-02",89.34,1.83,76.93,17.93
"2025-01-03",89.5,1.76,77.92,16.13
"2025-01-06",89.54,1.71,77.3,16.04
"2025-01-07",89.18,1.75,78.17,17.82
"2025-01-08",89.25,1.79,77.3,17.7
"2025-01-10",88.77,1.75,80.64,19.54
"2025-01-13",88.64,1.79,82.23,19.19
"2025-01-14",88.77,1.76,81.67,18.71
"2025-01-15",89.79,1.7,84.34,16.12
"2025-01-16",89.68,1.71,82.94,16.6
"2025-01-17",89.85,1.63,82.52,15.97
"2025-01-21",90.46,1.6,81.11,15.06
"2025-01-22",90.21,1.58,80.43,15.1
"2025-01-23",90.19,1.61,79.21,15.02
"2025-01-24",90.34,1.59,79.6,14.85
"2025-01-27",90.6,1.64,77.93,17.9
"2025-01-28",90.56,1.64,78.86,16.41
"2025-01-29",90.48,1.66,77.78,16.56
"2025-01-30",90.86,1.66,77.75,15.84
"2025-01-31",90.55,1.66,78.02,16.43
"2025-02-03",90.25,1.68,77.82,18.62
"2025-02-04",90.57,1.66,77.51,17.21
"2025-02-05",91.08,1.65,76.09,15.77
"2025-02-06",91,1.62,75.45,15.5
"2025-02-07",90.65,1.63,75.86,16.54
"2025-02-10",90.65,1.6,77.4,15.81
"2025-02-11",90.25,1.62,78.27,16.02
"2025-02-12",89.97,1.6,76.32,15.89
"2025-02-13",90.71,1.61,76.39,15.1
"2025-02-14",90.99,1.59,75.82,14.77
"2025-02-18",90.6,1.56,76.96,15.35
"2025-02-19",90.62,1.63,77.45,15.27
"2025-02-20",90.79,1.62,77.76,15.66
"2025-02-21",90.82,1.73,75.35,18.21
"2025-02-24",90.91,1.73,75.97,18.98
"2025-02-25",91.48,1.78,74.13,19.43
"2025-02-26",91.78,1.77,73.85,19.1
"2025-02-27",91.47,1.76,75.28,21.13
"2025-02-28",92.03,1.82,75.22,19.63
"2025-03-03",91.45,1.87,73.32,22.78
"2025-03-04",91.31,1.9,73.31,23.51
"2025-03-05",91.28,1.8,71.42,21.93
"2025-03-06",90.74,1.89,71.13,24.87
"2025-03-07",90.99,1.87,72.09,23.37
"2025-03-10",90.87,2.02,70.89,27.86
"2025-03-11",90.69,2.04,71.45,26.92
"2025-03-12",90.67,2.02,72.8,24.23
"2025-03-13",90.63,2.17,71.62,24.66
"2025-03-14",90.72,2.04,72.28,21.77
"2025-03-17",90.96,1.98,72.71,20.51
"2025-03-18",90.93,2.01,72.21,21.7
"2025-03-19",91.43,1.96,72.42,19.9
"2025-03-20",91.25,1.95,73.73,19.8
"2025-03-21",90.98,1.99,73.79,19.28
"2025-03-24",90.92,1.85,74.88,17.48
"2025-03-25",91.01,1.89,74.82,17.15
"2025-03-26",90.49,1.98,75.42,18.33
"2025-03-27",90.29,2.05,75.48,18.69
"2025-03-28",90.39,2.21,74.77,21.65
"2025-03-31",90.59,2.24,77.33,22.28
"2025-04-01",90.48,2.2,77.08,21.77
"2025-04-02",90.44,2.12,77.74,21.51
"2025-04-03",89.9,2.6,72.25,30.02
"2025-04-04",88.59,2.94,67.92,45.31
"2025-04-07",87.16,3.06,65.98,46.98
"2025-04-08",86.54,3.04,63.34,52.33
"2025-04-09",88.77,2.87,67.58,33.62
"2025-04-10",87.05,2.92,65.32,40.72
"2025-04-11",87.36,2.78,66.46,37.56
"2025-04-14",88.27,2.7,66.66,30.89
"2025-04-15",88.54,2.65,66.48,30.12
"2025-04-16",88.57,2.7,67.75,32.64
"2025-04-17",88.8,2.58,69.48,29.65
"2025-04-21",87.77,2.7,68.62,33.82
"2025-04-22",88.68,2.56,69.37,30.57
"2025-04-23",89.07,2.37,68.05,28.45
"2025-04-24",90.02,2.36,68.46,26.47
"2025-04-25",90.38,2.33,69.03,24.84
"2025-04-28",90.48,2.39,67.76,25.15
"2025-04-29",90.6,2.39,65.85,24.17
"2025-04-30",89.96,2.54,63.56,24.7
"2025-05-01",89.6,2.4,64.52,24.6
"2025-05-02",89.36,2.23,64.01,22.68
"2025-05-05",89.18,2.23,62.37,23.64
"2025-05-06",89.55,2.3,64.6,24.76
"2025-05-07",89.9,2.3,63.51,23.55
"2025-05-08",89.54,2.15,65.6,22.48
"2025-05-09",89.68,2.18,66.61,21.9
"2025-05-12",90.2,1.85,67.6,18.39
"2025-05-13",90.28,1.79,69.59,18.22
"2025-05-14",89.98,1.82,68.73,18.62
"2025-05-15",90.28,1.91,67.59,17.83
"2025-05-16",90.45,1.87,68.1,17.24
"2025-05-19",90.51,1.9,68.51,18.14
"2025-05-20",90.37,1.89,68.66,18.09
"2025-05-21",89.54,1.93,67.59,20.87
"2025-05-22",89.84,1.99,67.14,20.28
"2025-05-23",89.93,2.05,67.99,22.29
"2025-05-27",90.48,1.91,67.28,18.96
"2025-05-28",90.29,1.9,67.89,19.31
"2025-05-29",90.6,1.91,67.19,19.18
"2025-05-30",90.6,1.97,67.15,18.57
"2025-06-02",90.16,1.92,69.55,18.36
"2025-06-03",90.45,1.84,69.89,17.69
"2025-06-04",90.79,1.87,69.34,17.61
"2025-06-05",90.57,1.81,69.93,18.48
"2025-06-06",90.43,1.75,71.38,16.77
"2025-06-09",90.66,1.75,72.05,17.16
"2025-06-10",91.06,1.74,71.6,16.95
"2025-06-11",91.33,1.76,74.82,17.26
"2025-06-12",91.49,1.82,75.05,18.02
"2025-06-13",90.91,1.82,80.22,20.82
"2025-06-16",91.01,1.78,78.59,19.11
"2025-06-17",91.08,1.86,82.3,21.6
"2025-06-18",91.02,1.84,82.27,20.14
"2025-06-20",91.14,1.82,83.12,20.62
"2025-06-23",91.4,1.82,76.41,19.83
"2025-06-24",91.95,1.76,73,17.48
"2025-06-25",91.9,1.76,73.31,16.76
"2025-06-26",92.18,1.75,73.59,16.59
"2025-06-27",92.1,1.73,73.28,16.32
"2025-06-30",92.62,1.71,73.11,16.73
"2025-07-01",92.42,1.67,73.93,16.83
"2025-07-02",92.33,1.66,75.59,16.64
"2025-07-03",92.49,1.6,75.19,16.38
"2025-07-07",92.02,1.66,76.48,17.79
"2025-07-08",91.73,1.72,76.96,16.81
"2025-07-09",92.38,1.75,76.93,15.94
"2025-07-10",92.24,1.74,75.39,15.78
"2025-07-11",91.76,1.77,77.29,16.4
"2025-07-14",91.77,1.76,75.62,17.2
"2025-07-15",91.52,1.75,75.26,17.38
"2025-07-16",91.59,1.79,75.19,17.16
"2025-07-17",91.69,1.72,76.16,16.52
"2025-07-18",91.89,1.73,75.93,16.41
"2025-07-21",92.24,1.71,75.59,16.65
"2025-07-22",92.4,1.72,75.35,16.5
"2025-07-23",92.44,1.66,75.28,15.37
"2025-07-24",92.42,1.64,76.09,15.39
"2025-07-25",92.72,1.67,74.85,14.93
"2025-07-28",92.66,1.64,77.17,15.03
"2025-07-29",93.01,1.69,79.8,15.98
"2025-07-30",92.85,1.71,81.04,15.48
"2025-07-31",92.87,1.74,79.59,16.72
"2025-08-01",92.72,1.97,77.46,20.38
"2025-08-04",93.18,1.88,76.11,17.52
"2025-08-05",93.18,1.84,75.02,17.85
"2025-08-06",93.24,1.85,73.79,16.77
"2025-08-07",93.38,1.82,73.42,16.57
"2025-08-08",93.38,1.81,73.3,15.15
"2025-08-11",93.5,1.81,73.8,16.25
"2025-08-12",93.68,1.8,72.95,14.73
"2025-08-13",94.14,1.78,72.46,14.49
"2025-08-14",93.93,1.78,73.74,14.83
"2025-08-15",93.85,1.76,72.8,15.09
"2025-08-18",93.94,1.76,73.17,14.99
"2025-08-19",93.98,1.78,72.3,15.57
"2025-08-20",93.83,1.81,73.52,15.69
"2025-08-21",93.53,1.81,74.13,16.6
"2025-08-22",94.21,1.76,74.64,14.22
"2025-08-25",93.84,1.69,75.75,14.79
"2025-08-26",93.82,1.72,74.05,14.62
"2025-08-27",93.71,1.74,74.68,14.85
"2025-08-28",94.26,1.72,75.24,14.43
"2025-08-29",94.12,1.77,74.84,15.36
"2025-09-02",93.36,1.86,76.76,17.17
"2025-09-03",93.76,1.82,74.83,16.35
"2025-09-04",94.13,1.78,74.18,15.3
"2025-09-05",94.76,1.79,72.63,15.18
"2025-09-08",94.75,1.79,73.04,15.11
"2025-09-09",94.66,1.82,73.39,15.04
"2025-09-10",95.18,1.79,74.71,15.35
"2025-09-11",95.53,1.74,73,14.71
"2025-09-12",95.25,1.75,73.31,14.76
"2025-09-15",95.59,1.72,74.23,15.69
"2025-09-16",95.53,1.75,75.67,16.36
"2025-09-17",95.48,1.74,74.97,15.72
"2025-09-18",95.08,1.68,74.69,15.7
"2025-09-19",94.98,1.68,73.52,15.45
"2025-09-22",95.19,1.66,73.45,16.1
"2025-09-23",95.56,1.69,75.05,16.64
"2025-09-24",95.5,1.69,76.39,16.18
"2025-09-25",95.26,1.72,76.99,16.74
"2025-09-26",95.23,1.72,77.02,15.29
"2025-09-29",95.39,1.71,74.59,16.12
"2025-09-30",95.19,1.77,73.75,16.28
"2025-10-01",95.12,1.8,73.14,16.29
"2025-10-02",95.17,1.79,71.54,16.63
"2025-10-03",95.21,1.76,71.71,16.65
"2025-10-06",95.09,1.73,72.87,16.37
"2025-10-07",95.05,1.78,73.2,17.24
"2025-10-08",95.1,1.79,73.53,16.3
"2025-10-09",95.05,1.87,72.51,16.43
"2025-10-10",94.63,2.07,69.39,21.66
"2025-10-13",95.28,2.07,70.28,19.03
"2025-10-14",95.24,2.01,69,20.81
"2025-10-15",95.57,1.86,68.99,20.64
"2025-10-16",95.71,1.95,67.81,25.31
"2025-10-17",95.74,1.95,67.98,20.78
"2025-10-20",96.16,1.9,67.83,18.23
"2025-10-21",96.28,1.88,68.27,17.87
"2025-10-22",96.08,1.91,70.63,18.6
"2025-10-23",96.01,1.85,73.29,17.3
"2025-10-24",96.29,1.78,73.18,16.37
"2025-10-27",97.03,1.71,73.12,15.79
"2025-10-28",97.03,1.73,71.39,16.42
"2025-10-29",96.6,1.68,71.8,16.92
"2025-10-30",96.49,1.76,71.71,16.91
"2025-10-31",96.67,1.79,72.56,17.44
"2025-11-03",95.97,1.87,72.74,17.17
"2025-11-04",95.86,1.95,71.93,19
"2025-11-05",95.65,1.87,71.03,18.01
"2025-11-06",95.97,1.95,70.88,19.5
"2025-11-07",96.02,1.96,71.26,19.08
"2025-11-10",96.24,1.83,71.68,17.6
"2025-11-11",96.46,1.83,72.72,17.28
"2025-11-12",96.5,1.82,69.79,17.51
"2025-11-13",96.03,1.89,69.85,20
"2025-11-14",95.97,1.85,71.38,19.83
"2025-11-17",95.99,1.9,71.3,22.38
"2025-11-18",95.96,1.95,72.5,24.69
"2025-11-19",96.12,1.93,70.88,23.66
"2025-11-20",95.89,1.95,70.15,26.42
"2025-11-21",96.15,1.97,69.3,23.43
"2025-11-24",96.35,1.92,70.42,20.52
"2025-11-25",96.6,1.89,69.25,18.56
"2025-11-26",96.7,1.79,70.04,17.19
"2025-11-28",96.73,1.73,71.07,16.35
"2025-12-01",96.02,1.78,71.06,17.24
"2025-12-02",96.42,1.77,70.2,16.59
"2025-12-03",96.54,1.75,70.66,16.08
"2025-12-04",96.46,1.76,71.39,15.78
"2025-12-05",96.33,1.73,71.92,15.41
"2025-12-08",95.93,1.76,70.49,16.66
"2025-12-09",95.85,1.77,69.86,16.93
"2025-12-10",96.24,1.79,70.54,15.77
"2025-12-11",96.31,1.76,69.25,14.85
"2025-12-12",96.26,1.79,68.81,15.74
"2025-12-15",96.39,1.78,67.89,16.5
"2025-12-16",96.65,1.85,66.17,16.48
"2025-12-17",96.28,1.85,67.98,17.62
"2025-12-18",96.7,1.81,67.19,16.87
"2025-12-19",96.27,1.77,68.03,14.91
"2025-12-22",96.31,1.74,69.73,14.08
"2025-12-23",96.26,1.7,70.3,14
"2025-12-24",96.55,1.72,70.2,13.47
"2025-12-26",96.54,1.73,68.48,13.6
"2025-12-29",96.59,1.74,69.61,14.2
"2025-12-30",96.47,1.71,69.74,14.33
"2025-12-31",96.28,1.69,69.16,14.95
"2026-01-02",96.3,1.71,68.96,14.51
"2026-01-05",96.45,1.69,70.22,14.9
"2026-01-06",96.35,1.68,68.51,14.75
"2026-01-07",96.16,1.7,67.79,15.38
"2026-01-08",96.01,1.67,70.54,15.45
"2026-01-09",96.36,1.65,70.78,14.49
"2026-01-12",96.28,1.65,71.65,15.12
"2026-01-13",96.16,1.66,73.48,15.98
"2026-01-14",96.36,1.67,72.61,16.75
"2026-01-15",96.4,1.62,71.13,15.84
"2026-01-16",96.21,1.58,71.65,15.86
"2026-01-20",95.73,1.65,71.86,20.09
"2026-01-21",96.5,1.62,73.34,16.9
"2026-01-22",96.48,1.57,71.82,15.64
"2026-01-23",96.72,1.61,73.95,16.09
"2026-01-26",96.82,1.62,73.48,16.15
"2026-01-27",96.78,1.64,75.66,16.35
"2026-01-28",96.66,1.65,76.62,16.35
"2026-01-29",96.67,1.68,79.14,16.88
"2026-01-30",96.58,1.71,79.52,17.44
"2026-02-02",96.14,1.67,75.33,16.34
"2026-02-03",96.16,1.72,77.47,18
"2026-02-04",96.2,1.71,77.88,18.64
"2026-02-05",96.44,1.8,76.69,21.77
"2026-02-06",96.69,1.71,76.99,17.76
"2026-02-09",96.72,1.68,78.02,17.36
"2026-02-10",96.97,1.69,78.03,17.79
"2026-02-11",96.98,1.68,78.89,17.65
"2026-02-12",97.25,1.75,76.38,20.82
"2026-02-13",97.42,1.78,76.22,20.6
"2026-02-17",97.62,1.77,75.73,20.29
"2026-02-18",97.66,1.71,79.4,19.62
"2026-02-19",97.55,1.72,81.19,20.23
"2026-02-20",97.65,1.7,80.85,19.09
"2026-02-23",97.71,1.78,80.9,21.01
"2026-02-24",97.65,1.78,80.76,19.55
"2026-02-25",97.74,1.75,79.73,17.93
"2026-02-26",97.68,1.79,79.77,18.63
"2026-02-27",97.73,1.89,81.95,19.86
"2026-03-02",96.99,1.82,87.19,21.44
"2026-03-03",96.55,1.86,90.2,23.57
"2026-03-04",96.87,1.76,91.56,21.15
"2026-03-05",96.38,1.8,96.31,23.75
"2026-03-06",95.75,1.91,108.77,29.49
"2026-03-09",95.96,1.96,104.33,25.5
"2026-03-10",95.95,1.87,105.86,24.93
"2026-03-11",95.64,1.9,108.05,24.23
"2026-03-12",94.84,1.97,118.39,27.29
"2026-03-13",94.38,2.06,119.89,27.19
"2026-03-16",94.75,2.06,115.03,23.51
"2026-03-17",95.1,2.02,118.84,22.37
"2026-03-18",94.36,2,121.67,25.09
"2026-03-19",94.63,2.04,117.36,24.06
"2026-03-20",93.15,2,121.43,26.78
"2026-03-23",94.06,1.97,110.56,26.15
"2026-03-24",93.58,1.96,114.54,26.95
"2026-03-25",94.43,1.95,113.39,25.33
"2026-03-26",93.46,1.99,117.26,27.44
"2026-03-27",92.95,2.18,124.2,31.05
"2026-03-30",93.11,2.22,129.83,30.61
"2026-03-31",93.93,2.08,127.25,25.25
"2026-04-01",93.86,1.97,124.09,24.54
"2026-04-02",93.97,1.98,137.92,23.87
"2026-04-06",93.94,1.86,138.94,24.17
"2026-04-07",93.99,1.92,138.08,25.78
